frameId;frame_main;frame_calib;frame_above;swimmerId;swimmerName;eventX;eventY;event;anno_type;custom_event;Temps (s);distance (m)
435;0;435;435;0;A;54.5252;22.8003;track;click;;7.26;54.5252
436;1;436;436;0;A;54.4542;22.6311;track;interp;;7.27;54.4542
437;2;437;437;0;A;54.6313;22.6062;track;interp;;7.29;54.6313
438;3;438;438;0;A;54.5602;22.4382;track;interp;;7.31;54.5602
439;4;439;439;0;A;54.6779;22.4217;track;interp;;7.32;54.6779
440;5;440;440;0;A;54.6654;22.2467;track;interp;;7.34;54.6654
441;6;441;441;0;A;54.5947;22.0811;track;interp;;7.36;54.5947
442;7;442;442;0;A;54.7116;22.0646;track;interp;;7.37;54.7116
443;8;443;443;0;A;54.6408;21.9003;track;interp;;7.39;54.6408
444;9;444;444;0;A;54.8156;21.8755;track;interp;;7.41;54.8156
445;10;445;445;0;A;54.7448;21.7124;track;interp;;7.42;54.7448
446;11;446;446;0;A;54.6744;21.5504;track;interp;;7.44;54.6744
447;12;447;447;0;A;54.848;21.5257;track;interp;;7.46;54.848
448;13;448;448;0;A;54.7776;21.365;track;interp;;7.47;54.7776
449;14;449;449;0;A;54.7076;21.2053;track;interp;;7.49;54.7076
450;15;450;450;0;A;54.88;21.1807;track;interp;;7.51;54.88
451;16;451;451;0;A;54.8099;21.0222;track;interp;;7.52;54.8099
452;17;452;452;0;A;54.9245;21.0058;track;interp;;7.54;54.9245
453;18;453;453;0;A;54.9116;20.8402;track;interp;;7.56;54.9116
454;19;454;454;0;A;54.8418;20.684;track;interp;;7.57;54.8418
455;20;455;455;0;A;54.9556;20.6676;track;interp;;7.59;54.9556
456;21;456;456;0;A;54.9427;20.5044;track;interp;;7.61;54.9427
457;22;457;457;0;A;55.0562;20.488;track;interp;;7.62;55.0562
458;23;458;458;0;A;54.9864;20.334;track;interp;;7.64;54.9864
459;24;459;459;0;A;54.917;20.1811;track;interp;;7.66;54.917
460;25;460;460;0;A;55.0862;20.1566;track;interp;;7.67;55.0862
461;26;461;461;0;A;55.0167;20.0048;track;interp;;7.69;55.0167
462;27;462;462;0;A;55.1291;19.9884;track;interp;;7.71;55.1291
463;28;463;463;0;A;55.1157;19.8296;track;interp;;7.72;55.1157
464;29;464;464;0;A;55.0466;19.6799;track;interp;;7.74;55.0466
465;30;465;465;0;A;55.1583;19.6636;track;interp;;7.76;55.1583
466;31;466;466;0;A;55.1449;19.5068;track;interp;;7.77;55.1449
467;32;467;467;0;A;55.2563;19.4905;track;interp;;7.79;55.2563
468;33;468;468;0;A;55.1871;19.3429;track;interp;;7.81;55.1871
469;34;469;469;0;A;55.1737;19.1882;track;interp;;7.82;55.1737
470;35;470;470;0;A;55.2843;19.172;track;interp;;7.84;55.2843
471;36;471;471;0;A;55.2155;19.0265;track;interp;;7.86;55.2155
472;37;472;472;0;A;55.2022;18.8738;track;interp;;7.87;55.2022
473;38;473;473;0;A;55.3121;18.8576;track;interp;;7.89;55.3121
474;39;474;474;0;A;55.2436;18.7141;track;interp;;7.91;55.2436
475;40;475;475;0;A;55.3532;18.6979;track;interp;;7.92;55.3532
476;41;476;476;0;A;55.3394;18.5472;track;interp;;7.94;55.3394
477;42;477;477;0;A;55.2713;18.4056;track;interp;;7.96;55.2713
478;43;478;478;0;A;54.2694;14.552;track;click;;7.97;54.2694
479;44;479;479;0;A;55.3665;18.2408;track;interp;;7.99;55.3665
480;45;480;480;0;A;55.475;18.2247;track;interp;;8.01;55.475
481;46;481;481;0;A;55.4069;18.085;track;interp;;8.02;55.4069
482;47;482;482;0;A;55.3931;17.9383;track;interp;;8.04;55.3931
483;48;483;483;0;A;55.501;17.9222;track;interp;;8.06;55.501
484;49;484;484;0;A;55.4332;17.7844;track;interp;;8.07;55.4332
485;50;485;485;0;A;55.5946;17.7603;track;interp;;8.09;55.5946
486;51;486;486;0;A;55.5267;17.6235;track;interp;;8.11;55.5267
487;52;487;487;0;A;55.4592;17.4876;track;interp;;8.12;55.4592
488;53;488;488;0;A;55.5661;17.4716;track;interp;;8.14;55.5661
489;54;489;489;0;A;55.552;17.3286;track;interp;;8.16;55.552
490;55;490;490;0;A;55.6586;17.3126;track;interp;;8.17;55.6586
491;56;491;491;0;A;55.5912;17.1785;track;interp;;8.19;55.5912
492;57;492;492;0;A;55.5771;17.0373;track;interp;;8.21;55.5771
493;58;493;493;0;A;55.683;17.0213;track;interp;;8.22;55.683
494;59;494;494;0;A;55.6159;16.889;track;interp;;8.24;55.6159
495;60;495;495;0;A;55.7743;16.8651;track;interp;;8.26;55.7743
496;61;496;496;0;A;55.7071;16.7337;track;interp;;8.27;55.7071
497;62;497;497;0;A;55.6403;16.6031;track;interp;;8.29;55.6403
498;63;498;498;0;A;55.7978;16.5792;track;interp;;8.31;55.7978
499;64;499;499;0;A;55.7309;16.4496;track;interp;;8.32;55.7309
500;65;500;500;0;A;55.6644;16.3207;track;interp;;8.34;55.6644
501;66;501;501;0;A;55.8209;16.2969;track;interp;;8.36;55.8209
502;67;502;502;0;A;55.7544;16.1689;track;interp;;8.38;55.7544
503;68;503;503;0;A;55.8584;16.1531;track;interp;;8.39;55.8584
504;69;504;504;0;A;55.7919;16.0259;track;interp;;8.41;55.7919
505;70;505;505;0;A;55.7776;15.8917;track;interp;;8.43;55.7776
506;71;506;506;0;A;55.881;15.8759;track;interp;;8.44;55.881
507;72;507;507;0;A;55.8148;15.7504;track;interp;;8.46;55.8148
508;73;508;508;0;A;55.9695;15.7267;track;interp;;8.48;55.9695
509;74;509;509;0;A;55.9033;15.602;track;click;;8.49;55.9033
510;75;510;510;0;A;55.9033;15.602;track;interp;;8.51;55.9033
511;76;511;511;0;A;55.9033;15.602;track;interp;;8.53;55.9033
512;77;512;512;0;A;55.9033;15.602;track;interp;;8.54;55.9033
513;78;513;513;0;A;55.9033;15.602;track;interp;;8.56;55.9033
514;79;514;514;0;A;55.9033;15.602;track;interp;;8.58;55.9033
515;80;515;515;0;A;55.9033;15.602;track;interp;;8.59;55.9033
516;81;516;516;0;A;55.9033;15.602;track;interp;;8.61;55.9033
517;82;517;517;0;A;55.735;15.4939;track;interp;;8.63;55.735
518;83;518;518;0;A;55.735;15.4939;track;interp;;8.64;55.735
519;84;519;519;0;A;55.735;15.4939;track;interp;;8.66;55.735
520;85;520;520;0;A;55.735;15.4939;track;interp;;8.68;55.735
521;86;521;521;0;A;55.735;15.4939;track;interp;;8.69;55.735
522;87;522;522;0;A;55.735;15.4939;track;interp;;8.71;55.735
523;88;523;523;0;A;55.735;15.4939;track;interp;;8.73;55.735
524;89;524;524;0;A;55.735;15.4939;track;interp;;8.74;55.735
525;90;525;525;0;A;55.7862;15.486;track;interp;;8.76;55.7862
526;91;526;526;0;A;55.7862;15.486;track;interp;;8.78;55.7862
527;92;527;527;0;A;55.7862;15.486;track;interp;;8.79;55.7862
528;93;528;528;0;A;55.7862;15.486;track;interp;;8.81;55.7862
529;94;529;529;0;A;55.7862;15.486;track;interp;;8.83;55.7862
530;95;530;530;0;A;55.7862;15.486;track;interp;;8.84;55.7862
531;96;531;531;0;A;55.7862;15.486;track;interp;;8.86;55.7862
532;97;532;532;0;A;55.6189;15.3786;track;interp;;8.88;55.6189
533;98;533;533;0;A;55.6189;15.3786;track;interp;;8.89;55.6189
534;99;534;534;0;A;55.6189;15.3786;track;interp;;8.91;55.6189
535;100;535;535;0;A;55.6189;15.3786;track;interp;;8.93;55.6189
536;101;536;536;0;A;55.6189;15.3786;track;interp;;8.94;55.6189
537;102;537;537;0;A;55.6189;15.3786;track;interp;;8.96;55.6189
538;103;538;538;0;A;55.6189;15.3786;track;interp;;8.98;55.6189
539;104;539;539;0;A;55.6189;15.3786;track;interp;;8.99;55.6189
540;105;540;540;0;A;55.6189;15.3786;track;interp;;9.01;55.6189
541;106;541;541;0;A;55.6189;15.3786;track;interp;;9.03;55.6189
542;107;542;542;0;A;55.6189;15.3786;track;interp;;9.04;55.6189
543;108;543;543;0;A;55.6189;15.3786;track;interp;;9.06;55.6189
544;109;544;544;0;A;55.6189;15.3786;track;interp;;9.08;55.6189
545;110;545;545;0;A;55.6189;15.3786;track;interp;;9.09;55.6189
546;111;546;546;0;A;55.6189;15.3786;track;interp;;9.11;55.6189
547;112;547;547;0;A;55.6189;15.3786;track;interp;;9.13;55.6189
548;113;548;548;0;A;55.4526;15.2719;track;interp;;9.14;55.4526
549;114;549;549;0;A;55.4526;15.2719;track;interp;;9.16;55.4526
550;115;550;550;0;A;55.4526;15.2719;track;interp;;9.18;55.4526
551;116;551;551;0;A;55.4526;15.2719;track;interp;;9.19;55.4526
552;117;552;552;0;A;55.4526;15.2719;track;interp;;9.21;55.4526
553;118;553;553;0;A;55.4526;15.2719;track;interp;;9.23;55.4526
554;119;554;554;0;A;55.4526;15.2719;track;interp;;9.24;55.4526
555;120;555;555;0;A;55.5035;15.264;track;interp;;9.26;55.5035
556;121;556;556;0;A;55.5035;15.264;track;interp;;9.28;55.5035
557;122;557;557;0;A;55.5035;15.264;track;interp;;9.29;55.5035
558;123;558;558;0;A;55.5035;15.264;track;interp;;9.31;55.5035
559;124;559;559;0;A;55.5035;15.264;track;interp;;9.33;55.5035
560;125;560;560;0;A;55.5035;15.264;track;interp;;9.34;55.5035
561;126;561;561;0;A;55.5035;15.264;track;interp;;9.36;55.5035
562;127;562;562;0;A;55.5035;15.264;track;interp;;9.38;55.5035
563;128;563;563;0;A;55.3381;15.158;track;interp;;9.39;55.3381
564;129;564;564;0;A;55.3381;15.158;track;interp;;9.41;55.3381
565;130;565;565;0;A;55.3381;15.158;track;interp;;9.43;55.3381
566;131;566;566;0;A;55.3381;15.158;track;interp;;9.44;55.3381
567;132;567;567;0;A;55.3381;15.158;track;interp;;9.46;55.3381
568;133;568;568;0;A;55.3381;15.158;track;interp;;9.48;55.3381
569;134;569;569;0;A;55.3381;15.158;track;interp;;9.49;55.3381
570;135;570;570;0;A;55.3381;15.158;track;click;;9.51;55.3381
571;136;571;571;0;A;55.3381;15.158;track;interp;;9.53;55.3381
572;137;572;572;0;A;55.3381;15.158;track;interp;;9.54;55.3381
573;138;573;573;0;A;55.2875;15.1659;track;interp;;9.56;55.2875
574;139;574;574;0;A;55.2875;15.1659;track;interp;;9.58;55.2875
575;140;575;575;0;A;55.2875;15.1659;track;interp;;9.59;55.2875
576;141;576;576;0;A;55.2875;15.1659;track;interp;;9.61;55.2875
577;142;577;577;0;A;55.2875;15.1659;track;interp;;9.63;55.2875
578;143;578;578;0;A;55.2875;15.1659;track;interp;;9.64;55.2875
579;144;579;579;0;A;55.4017;15.2797;track;interp;;9.66;55.4017
580;145;580;580;0;A;55.4017;15.2797;track;interp;;9.68;55.4017
581;146;581;581;0;A;55.4017;15.2797;track;interp;;9.69;55.4017
582;147;582;582;0;A;55.4017;15.2797;track;interp;;9.71;55.4017
583;148;583;583;0;A;55.4017;15.2797;track;interp;;9.73;55.4017
584;149;584;584;0;A;55.3509;15.2875;track;interp;;9.74;55.3509
585;150;585;585;0;A;55.3509;15.2875;track;interp;;9.76;55.3509
586;151;586;586;0;A;55.3509;15.2875;track;interp;;9.78;55.3509
587;152;587;587;0;A;55.3509;15.2875;track;interp;;9.79;55.3509
588;153;588;588;0;A;55.3509;15.2875;track;interp;;9.81;55.3509
589;154;589;589;0;A;55.3509;15.2875;track;interp;;9.83;55.3509
590;155;590;590;0;A;55.3001;15.2954;track;interp;;9.84;55.3001
591;156;591;591;0;A;55.3001;15.2954;track;interp;;9.86;55.3001
592;157;592;592;0;A;55.3001;15.2954;track;interp;;9.88;55.3001
593;158;593;593;0;A;55.3001;15.2954;track;interp;;9.89;55.3001
594;159;594;594;0;A;55.3001;15.2954;track;interp;;9.91;55.3001
595;160;595;595;0;A;55.4147;15.41;track;interp;;9.93;55.4147
596;161;596;596;0;A;55.4147;15.41;track;interp;;9.94;55.4147
597;162;597;597;0;A;55.4147;15.41;track;interp;;9.96;55.4147
598;163;598;598;0;A;55.4147;15.41;track;interp;;9.98;55.4147
599;164;599;599;0;A;55.4147;15.41;track;interp;;9.99;55.4147
600;165;600;600;0;A;55.4147;15.41;track;interp;;10.01;55.4147
601;166;601;601;0;A;55.3637;15.4178;track;interp;;10.03;55.3637
602;167;602;602;0;A;55.3637;15.4178;track;interp;;10.04;55.3637
603;168;603;603;0;A;55.3637;15.4178;track;interp;;10.06;55.3637
604;169;604;604;0;A;55.3637;15.4178;track;interp;;10.08;55.3637
605;170;605;605;0;A;55.3637;15.4178;track;interp;;10.09;55.3637
606;171;606;606;0;A;55.3637;15.4178;track;interp;;10.11;55.3637
607;172;607;607;0;A;55.3127;15.4256;track;interp;;10.13;55.3127
608;173;608;608;0;A;55.3127;15.4256;track;interp;;10.14;55.3127
609;174;609;609;0;A;55.3127;15.4256;track;interp;;10.16;55.3127
610;175;610;610;0;A;55.3127;15.4256;track;interp;;10.18;55.3127
611;176;611;611;0;A;55.3127;15.4256;track;interp;;10.19;55.3127
612;177;612;612;0;A;55.4278;15.541;track;interp;;10.21;55.4278
613;178;613;613;0;A;55.4278;15.541;track;interp;;10.23;55.4278
614;179;614;614;0;A;55.4278;15.541;track;interp;;10.24;55.4278
615;180;615;615;0;A;55.4278;15.541;track;interp;;10.26;55.4278
616;181;616;616;0;A;55.4278;15.541;track;interp;;10.28;55.4278
617;182;617;617;0;A;55.4278;15.541;track;interp;;10.29;55.4278
618;183;618;618;0;A;55.3767;15.5489;track;interp;;10.31;55.3767
619;184;619;619;0;A;55.3767;15.5489;track;interp;;10.33;55.3767
620;185;620;620;0;A;55.3767;15.5489;track;interp;;10.34;55.3767
621;186;621;621;0;A;55.3767;15.5489;track;interp;;10.36;55.3767
622;187;622;622;0;A;55.3767;15.5489;track;interp;;10.38;55.3767
623;188;623;623;0;A;55.3255;15.5567;track;interp;;10.39;55.3255
624;189;624;624;0;A;55.3255;15.5567;track;interp;;10.41;55.3255
625;190;625;625;0;A;55.3255;15.5567;track;interp;;10.43;55.3255
626;191;626;626;0;A;55.3255;15.5567;track;interp;;10.44;55.3255
627;192;627;627;0;A;55.3255;15.5567;track;interp;;10.46;55.3255
628;193;628;628;0;A;55.3255;15.5567;track;interp;;10.48;55.3255
629;194;629;629;0;A;55.441;15.6729;track;interp;;10.49;55.441
630;195;630;630;0;A;55.441;15.6729;track;interp;;10.51;55.441
631;196;631;631;0;A;55.441;15.6729;track;interp;;10.53;55.441
632;197;632;632;0;A;55.441;15.6729;track;interp;;10.54;55.441
633;198;633;633;0;A;55.441;15.6729;track;interp;;10.56;55.441
634;199;634;634;0;A;55.3897;15.6807;track;interp;;10.58;55.3897
635;200;635;635;0;A;55.3897;15.6807;track;interp;;10.59;55.3897
636;201;636;636;0;A;55.3897;15.6807;track;interp;;10.61;55.3897
637;202;637;637;0;A;55.3897;15.6807;track;interp;;10.63;55.3897
638;203;638;638;0;A;55.3897;15.6807;track;interp;;10.64;55.3897
639;204;639;639;0;A;55.3897;15.6807;track;interp;;10.66;55.3897
640;205;640;640;0;A;55.3383;15.6886;track;interp;;10.68;55.3383
641;206;641;641;0;A;55.3383;15.6886;track;interp;;10.69;55.3383
642;207;642;642;0;A;55.3383;15.6886;track;interp;;10.71;55.3383
643;208;643;643;0;A;55.3383;15.6886;track;interp;;10.73;55.3383
644;209;644;644;0;A;55.3383;15.6886;track;interp;;10.74;55.3383
645;210;645;645;0;A;55.4542;15.8055;track;interp;;10.76;55.4542
646;211;646;646;0;A;55.4542;15.8055;track;interp;;10.78;55.4542
647;212;647;647;0;A;55.4542;15.8055;track;interp;;10.79;55.4542
648;213;648;648;0;A;55.4542;15.8055;track;interp;;10.81;55.4542
649;214;649;649;0;A;55.4542;15.8055;track;interp;;10.83;55.4542
650;215;650;650;0;A;55.4542;15.8055;track;interp;;10.84;55.4542
651;216;651;651;0;A;55.4027;15.8134;track;interp;;10.86;55.4027
652;217;652;652;0;A;55.4027;15.8134;track;interp;;10.88;55.4027
653;218;653;653;0;A;55.4027;15.8134;track;interp;;10.89;55.4027
654;219;654;654;0;A;55.4027;15.8134;track;interp;;10.91;55.4027
655;220;655;655;0;A;55.4027;15.8134;track;interp;;10.93;55.4027
656;221;656;656;0;A;55.3513;15.8213;track;interp;;10.94;55.3513
657;222;657;657;0;A;55.3513;15.8213;track;interp;;10.96;55.3513
658;223;658;658;0;A;55.3513;15.8213;track;interp;;10.98;55.3513
659;224;659;659;0;A;55.3513;15.8213;track;interp;;10.99;55.3513
660;225;660;660;0;A;55.3513;15.8213;track;interp;;11.01;55.3513
661;226;661;661;0;A;55.3513;15.8213;track;interp;;11.03;55.3513
662;227;662;662;0;A;55.4675;15.939;track;interp;;11.04;55.4675
663;228;663;663;0;A;55.4675;15.939;track;interp;;11.06;55.4675
664;229;664;664;0;A;55.4675;15.939;track;interp;;11.08;55.4675
665;230;665;665;0;A;55.4675;15.939;track;interp;;11.09;55.4675
666;231;666;666;0;A;55.4675;15.939;track;interp;;11.11;55.4675
667;232;667;667;0;A;55.4159;15.9469;track;interp;;11.13;55.4159
668;233;668;668;0;A;55.4159;15.9469;track;interp;;11.14;55.4159
669;234;669;669;0;A;55.4159;15.9469;track;interp;;11.16;55.4159
670;235;670;670;0;A;55.4159;15.9469;track;interp;;11.18;55.4159
671;236;671;671;0;A;55.4159;15.9469;track;interp;;11.19;55.4159
672;237;672;672;0;A;55.4159;15.9469;track;interp;;11.21;55.4159
673;238;673;673;0;A;55.3643;15.9548;track;interp;;11.23;55.3643
674;239;674;674;0;A;55.3643;15.9548;track;interp;;11.24;55.3643
675;240;675;675;0;A;55.3643;15.9548;track;interp;;11.26;55.3643
676;241;676;676;0;A;55.3643;15.9548;track;interp;;11.28;55.3643
677;242;677;677;0;A;55.3643;15.9548;track;interp;;11.29;55.3643
678;243;678;678;0;A;55.3643;15.9548;track;interp;;11.31;55.3643
679;244;679;679;0;A;55.4809;16.0733;track;interp;;11.33;55.4809
680;245;680;680;0;A;55.4809;16.0733;track;interp;;11.34;55.4809
681;246;681;681;0;A;55.4809;16.0733;track;interp;;11.36;55.4809
682;247;682;682;0;A;55.4809;16.0733;track;interp;;11.38;55.4809
683;248;683;683;0;A;55.4809;16.0733;track;interp;;11.39;55.4809
684;249;684;684;0;A;55.4291;16.0812;track;interp;;11.41;55.4291
685;250;685;685;0;A;55.4291;16.0812;track;interp;;11.43;55.4291
686;251;686;686;0;A;55.4291;16.0812;track;interp;;11.44;55.4291
687;252;687;687;0;A;55.4291;16.0812;track;interp;;11.46;55.4291
688;253;688;688;0;A;55.4291;16.0812;track;interp;;11.48;55.4291
689;254;689;689;0;A;55.4291;16.0812;track;interp;;11.49;55.4291
690;255;690;690;0;A;55.3773;16.0891;track;interp;;11.51;55.3773
691;256;691;691;0;A;55.3773;16.0891;track;interp;;11.53;55.3773
692;257;692;692;0;A;55.3773;16.0891;track;interp;;11.54;55.3773
693;258;693;693;0;A;55.3773;16.0891;track;interp;;11.56;55.3773
694;259;694;694;0;A;55.3773;16.0891;track;interp;;11.58;55.3773
695;260;695;695;0;A;55.4944;16.2085;track;interp;;11.59;55.4944
696;261;696;696;0;A;55.4944;16.2085;track;interp;;11.61;55.4944
697;262;697;697;0;A;55.4944;16.2085;track;interp;;11.63;55.4944
698;263;698;698;0;A;55.4944;16.2085;track;interp;;11.64;55.4944
699;264;699;699;0;A;55.4944;16.2085;track;interp;;11.66;55.4944
700;265;700;700;0;A;55.4944;16.2085;track;interp;;11.68;55.4944
701;266;701;701;0;A;55.4424;16.2164;track;interp;;11.7;55.4424
702;267;702;702;0;A;55.4424;16.2164;track;interp;;11.71;55.4424
703;268;703;703;0;A;55.4424;16.2164;track;click;;11.73;55.4424
704;269;704;704;0;A;55.4424;16.2164;track;interp;;11.75;55.4424
705;270;705;705;0;A;55.4424;16.2164;track;interp;;11.76;55.4424
706;271;706;706;0;A;55.4424;16.2164;track;interp;;11.78;55.4424
707;272;707;707;0;A;55.2738;16.1049;track;interp;;11.8;55.2738
708;273;708;708;0;A;55.2738;16.1049;track;interp;;11.81;55.2738
709;274;709;709;0;A;55.2738;16.1049;track;interp;;11.83;55.2738
710;275;710;710;0;A;55.2738;16.1049;track;interp;;11.85;55.2738
711;276;711;711;0;A;55.2738;16.1049;track;interp;;11.86;55.2738
712;277;712;712;0;A;55.2738;16.1049;track;interp;;11.88;55.2738
713;278;713;713;0;A;55.0547;16.0021;track;interp;;11.9;55.0547
714;279;714;714;0;A;55.0547;16.0021;track;interp;;11.91;55.0547
715;280;715;715;0;A;55.0547;16.0021;track;interp;;11.93;55.0547
716;281;716;716;0;A;55.0547;16.0021;track;interp;;11.95;55.0547
717;282;717;717;0;A;55.0547;16.0021;track;interp;;11.96;55.0547
718;283;718;718;0;A;55.0547;16.0021;track;interp;;11.98;55.0547
719;284;719;719;0;A;55.0547;16.0021;track;interp;;12;55.0547
720;285;720;720;0;A;54.8885;15.8921;track;interp;;12.01;54.8885
721;286;721;721;0;A;54.8885;15.8921;track;interp;;12.03;54.8885
722;287;722;722;0;A;54.8885;15.8921;track;interp;;12.05;54.8885
723;288;723;723;0;A;54.8885;15.8921;track;interp;;12.06;54.8885
724;289;724;724;0;A;54.8885;15.8921;track;interp;;12.08;54.8885
725;290;725;725;0;A;54.8885;15.8921;track;interp;;12.1;54.8885
726;291;726;726;0;A;54.8885;15.8921;track;interp;;12.11;54.8885
727;292;727;727;0;A;54.7234;15.7829;track;interp;;12.13;54.7234
728;293;728;728;0;A;54.7234;15.7829;track;interp;;12.15;54.7234
729;294;729;729;0;A;54.7234;15.7829;track;interp;;12.16;54.7234
730;295;730;730;0;A;54.7234;15.7829;track;interp;;12.18;54.7234
731;296;731;731;0;A;54.7234;15.7829;track;interp;;12.2;54.7234
732;297;732;732;0;A;54.7234;15.7829;track;interp;;12.21;54.7234
733;298;733;733;0;A;54.7234;15.7829;track;interp;;12.23;54.7234
734;299;734;734;0;A;54.5084;15.6822;track;interp;;12.25;54.5084
735;300;735;735;0;A;54.5084;15.6822;track;interp;;12.26;54.5084
736;301;736;736;0;A;54.5084;15.6822;track;interp;;12.28;54.5084
737;302;737;737;0;A;54.5084;15.6822;track;interp;;12.3;54.5084
738;303;738;738;0;A;54.5084;15.6822;track;interp;;12.31;54.5084
739;304;739;739;0;A;54.5084;15.6822;track;interp;;12.33;54.5084
740;305;740;740;0;A;54.3457;15.5743;track;interp;;12.35;54.3457
741;306;741;741;0;A;54.3457;15.5743;track;interp;;12.36;54.3457
742;307;742;742;0;A;54.3457;15.5743;track;interp;;12.38;54.3457
743;308;743;743;0;A;54.3457;15.5743;track;click;;12.4;54.3457
744;309;744;744;0;A;20.9945;3.9776;track;interp;;12.41;20.9945
745;310;745;745;0;A;20.968;3.9825;track;interp;;12.43;20.968
746;311;746;746;0;A;20.9415;3.9875;track;interp;;12.45;20.9415
747;312;747;747;0;A;20.9435;4.0309;track;interp;;12.46;20.9435
748;313;748;748;0;A;20.9169;4.0359;track;interp;;12.48;20.9169
749;314;749;749;0;A;20.9189;4.0794;track;interp;;12.5;20.9189
750;315;750;750;0;A;20.8923;4.0844;track;interp;;12.51;20.8923
751;316;751;751;0;A;20.8657;4.0894;track;interp;;12.53;20.8657
752;317;752;752;0;A;20.8676;4.1331;track;interp;;12.55;20.8676
753;318;753;753;0;A;20.841;4.1381;track;interp;;12.56;20.841
754;319;754;754;0;A;20.8143;4.1431;track;interp;;12.58;20.8143
755;320;755;755;0;A;20.8161;4.187;track;interp;;12.6;20.8161
756;321;756;756;0;A;20.7894;4.192;track;interp;;12.61;20.7894
757;322;757;757;0;A;20.7912;4.2361;track;interp;;12.63;20.7912
758;323;758;758;0;A;20.7645;4.2411;track;interp;;12.65;20.7645
759;324;759;759;0;A;20.7377;4.2461;track;interp;;12.66;20.7377
760;325;760;760;0;A;20.7394;4.2903;track;interp;;12.68;20.7394
761;326;761;761;0;A;20.7126;4.2953;track;interp;;12.7;20.7126
762;327;762;762;0;A;20.7143;4.3398;track;interp;;12.71;20.7143
763;328;763;763;0;A;20.6875;4.3448;track;interp;;12.73;20.6875
764;329;764;764;0;A;20.6606;4.3498;track;interp;;12.75;20.6606
765;330;765;765;0;A;20.6622;4.3944;track;interp;;12.76;20.6622
766;331;766;766;0;A;20.6353;4.3994;track;interp;;12.78;20.6353
767;332;767;767;0;A;20.6085;4.4044;track;interp;;12.8;20.6085
768;333;768;768;0;A;20.6099;4.4492;track;interp;;12.81;20.6099
769;334;769;769;0;A;20.583;4.4542;track;interp;;12.83;20.583
770;335;770;770;0;A;20.5844;4.4991;track;interp;;12.85;20.5844
771;336;771;771;0;A;20.5574;4.5042;track;interp;;12.86;20.5574
772;337;772;772;0;A;20.5305;4.5092;track;interp;;12.88;20.5305
773;338;773;773;0;A;20.5318;4.5543;track;interp;;12.9;20.5318
774;339;774;774;0;A;20.5048;4.5593;track;interp;;12.91;20.5048
775;340;775;775;0;A;20.5061;4.6046;track;interp;;12.93;20.5061
776;341;776;776;0;A;20.479;4.6097;track;interp;;12.95;20.479
777;342;777;777;0;A;20.452;4.6147;track;interp;;12.96;20.452
778;343;778;778;0;A;20.4532;4.6602;track;interp;;12.98;20.4532
779;344;779;779;0;A;20.4261;4.6652;track;interp;;13;20.4261
780;345;780;780;0;A;20.4272;4.7109;track;interp;;13.01;20.4272
781;346;781;781;0;A;20.4001;4.7159;track;interp;;13.03;20.4001
782;347;782;782;0;A;20.3729;4.721;track;interp;;13.05;20.3729
783;348;783;783;0;A;20.374;4.7668;track;interp;;13.06;20.374
784;349;784;784;0;A;20.3468;4.7719;track;interp;;13.08;20.3468
785;350;785;785;0;A;20.3196;4.7769;track;interp;;13.1;20.3196
786;351;786;786;0;A;20.3205;4.8229;track;interp;;13.11;20.3205
787;352;787;787;0;A;20.2933;4.828;track;interp;;13.13;20.2933
788;353;788;788;0;A;20.2942;4.8742;track;interp;;13.15;20.2942
789;354;789;789;0;A;20.2669;4.8792;track;interp;;13.16;20.2669
790;355;790;790;0;A;20.2397;4.8843;track;interp;;13.18;20.2397
791;356;791;791;0;A;20.2404;4.9307;track;interp;;13.2;20.2404
792;357;792;792;0;A;20.2131;4.9357;track;interp;;13.21;20.2131
793;358;793;793;0;A;20.2139;4.9823;track;interp;;13.23;20.2139
794;359;794;794;0;A;20.1865;4.9874;track;interp;;13.25;20.1865
795;360;795;795;0;A;20.1592;4.9925;track;interp;;13.26;20.1592
796;361;796;796;0;A;20.1598;5.0392;track;interp;;13.28;20.1598
797;362;797;797;0;A;20.1324;5.0443;track;interp;;13.3;20.1324
798;363;798;798;0;A;20.105;5.0494;track;interp;;13.31;20.105
799;364;799;799;0;A;20.1055;5.0963;track;interp;;13.33;20.1055
800;365;800;800;0;A;20.0781;5.1014;track;interp;;13.35;20.0781
801;366;801;801;0;A;20.0786;5.1485;track;interp;;13.36;20.0786
802;367;802;802;0;A;20.0511;5.1536;track;interp;;13.38;20.0511
803;368;803;803;0;A;20.0236;5.1587;track;interp;;13.4;20.0236
804;369;804;804;0;A;20.0239;5.206;track;interp;;13.41;20.0239
805;370;805;805;0;A;19.9964;5.2111;track;interp;;13.43;19.9964
806;371;806;806;0;A;19.9967;5.2586;track;interp;;13.45;19.9967
807;372;807;807;0;A;19.9691;5.2637;track;interp;;13.46;19.9691
808;373;808;808;0;A;19.9416;5.2688;track;interp;;13.48;19.9416
809;374;809;809;0;A;19.9418;5.3165;track;interp;;13.5;19.9418
810;375;810;810;0;A;19.9142;5.3216;track;interp;;13.51;19.9142
811;376;811;811;0;A;19.9143;5.3695;track;interp;;13.53;19.9143
812;377;812;812;0;A;19.8867;5.3746;track;interp;;13.55;19.8867
813;378;813;813;0;A;19.859;5.3797;track;interp;;13.56;19.859
814;379;814;814;0;A;19.859;5.4278;track;interp;;13.58;19.859
815;380;815;815;0;A;19.8313;5.4329;track;interp;;13.6;19.8313
816;381;816;816;0;A;19.8036;5.438;track;interp;;13.61;19.8036
817;382;817;817;0;A;19.8036;5.4863;track;interp;;13.63;19.8036
818;383;818;818;0;A;19.7758;5.4914;track;interp;;13.65;19.7758
819;384;819;819;0;A;19.7757;5.5398;track;interp;;13.66;19.7757
820;385;820;820;0;A;18.8237;3.3021;track;click;;13.68;18.8237
821;386;821;821;0;A;18.8237;3.3021;track;interp;;13.7;18.8237
822;387;822;822;0;A;18.8237;3.3021;track;interp;;13.71;18.8237
823;388;823;823;0;A;18.8471;3.3375;track;interp;;13.73;18.8471
824;389;824;824;0;A;18.8471;3.3375;track;interp;;13.75;18.8471
825;390;825;825;0;A;18.8471;3.3375;track;interp;;13.76;18.8471
826;391;826;826;0;A;18.8471;3.3375;track;interp;;13.78;18.8471
827;392;827;827;0;A;18.8471;3.3375;track;interp;;13.8;18.8471
828;393;828;828;0;A;18.8706;3.373;track;interp;;13.81;18.8706
829;394;829;829;0;A;18.8706;3.373;track;interp;;13.83;18.8706
830;395;830;830;0;A;18.8706;3.373;track;interp;;13.85;18.8706
831;396;831;831;0;A;18.8706;3.373;track;interp;;13.86;18.8706
832;397;832;832;0;A;18.8706;3.373;track;interp;;13.88;18.8706
833;398;833;833;0;A;18.8943;3.4086;track;interp;;13.9;18.8943
834;399;834;834;0;A;18.8943;3.4086;track;interp;;13.91;18.8943
835;400;835;835;0;A;18.8943;3.4086;track;interp;;13.93;18.8943
836;401;836;836;0;A;18.8943;3.4086;track;interp;;13.95;18.8943
837;402;837;837;0;A;18.8943;3.4086;track;interp;;13.96;18.8943
838;403;838;838;0;A;18.918;3.4444;track;interp;;13.98;18.918
839;404;839;839;0;A;18.918;3.4444;track;interp;;14;18.918
840;405;840;840;0;A;18.918;3.4444;track;interp;;14.01;18.918
841;406;841;841;0;A;18.918;3.4444;track;interp;;14.03;18.918
842;407;842;842;0;A;18.918;3.4444;track;interp;;14.05;18.918
843;408;843;843;0;A;18.9418;3.4803;track;interp;;14.06;18.9418
844;409;844;844;0;A;18.9418;3.4803;track;interp;;14.08;18.9418
845;410;845;845;0;A;18.9418;3.4803;track;interp;;14.1;18.9418
846;411;846;846;0;A;18.9418;3.4803;track;interp;;14.11;18.9418
847;412;847;847;0;A;18.9418;3.4803;track;interp;;14.13;18.9418
848;413;848;848;0;A;18.9656;3.5163;track;interp;;14.15;18.9656
849;414;849;849;0;A;18.9656;3.5163;track;interp;;14.16;18.9656
850;415;850;850;0;A;18.9656;3.5163;track;interp;;14.18;18.9656
851;416;851;851;0;A;18.9656;3.5163;track;interp;;14.2;18.9656
852;417;852;852;0;A;18.9656;3.5163;track;interp;;14.21;18.9656
853;418;853;853;0;A;18.9896;3.5524;track;interp;;14.23;18.9896
854;419;854;854;0;A;18.9896;3.5524;track;interp;;14.25;18.9896
855;420;855;855;0;A;18.9896;3.5524;track;interp;;14.26;18.9896
856;421;856;856;0;A;18.9896;3.5524;track;interp;;14.28;18.9896
857;422;857;857;0;A;18.9896;3.5524;track;interp;;14.3;18.9896
858;423;858;858;0;A;19.0136;3.5887;track;interp;;14.31;19.0136
859;424;859;859;0;A;19.0136;3.5887;track;interp;;14.33;19.0136
860;425;860;860;0;A;19.0136;3.5887;track;interp;;14.35;19.0136
861;426;861;861;0;A;19.0136;3.5887;track;interp;;14.36;19.0136
862;427;862;862;0;A;19.0391;3.5839;track;interp;;14.38;19.0391
863;428;863;863;0;A;19.0633;3.6203;track;interp;;14.4;19.0633
864;429;864;864;0;A;19.0633;3.6203;track;interp;;14.41;19.0633
865;430;865;865;0;A;19.0633;3.6203;track;interp;;14.43;19.0633
866;431;866;866;0;A;19.0633;3.6203;track;interp;;14.45;19.0633
867;432;867;867;0;A;19.0633;3.6203;track;interp;;14.46;19.0633
868;433;868;868;0;A;19.0875;3.6568;track;interp;;14.48;19.0875
869;434;869;869;0;A;19.0875;3.6568;track;interp;;14.5;19.0875
870;435;870;870;0;A;19.0875;3.6568;track;interp;;14.51;19.0875
871;436;871;871;0;A;19.0875;3.6568;track;interp;;14.53;19.0875
872;437;872;872;0;A;19.0875;3.6568;track;interp;;14.55;19.0875
873;438;873;873;0;A;19.1119;3.6934;track;interp;;14.56;19.1119
874;439;874;874;0;A;19.1119;3.6934;track;interp;;14.58;19.1119
875;440;875;875;0;A;19.1119;3.6934;track;interp;;14.6;19.1119
876;441;876;876;0;A;19.1119;3.6934;track;interp;;14.61;19.1119
877;442;877;877;0;A;19.1119;3.6934;track;interp;;14.63;19.1119
878;443;878;878;0;A;19.1363;3.7302;track;interp;;14.65;19.1363
879;444;879;879;0;A;19.1363;3.7302;track;interp;;14.66;19.1363
880;445;880;880;0;A;19.1363;3.7302;track;interp;;14.68;19.1363
881;446;881;881;0;A;19.1363;3.7302;track;interp;;14.7;19.1363
882;447;882;882;0;A;19.1363;3.7302;track;interp;;14.71;19.1363
883;448;883;883;0;A;19.1609;3.7671;track;interp;;14.73;19.1609
884;449;884;884;0;A;19.1609;3.7671;track;interp;;14.75;19.1609
885;450;885;885;0;A;19.1609;3.7671;track;interp;;14.76;19.1609
886;451;886;886;0;A;19.1609;3.7671;track;interp;;14.78;19.1609
887;452;887;887;0;A;19.1609;3.7671;track;interp;;14.8;19.1609
888;453;888;888;0;A;19.1855;3.8042;track;interp;;14.81;19.1855
889;454;889;889;0;A;19.1855;3.8042;track;interp;;14.83;19.1855
890;455;890;890;0;A;19.1855;3.8042;track;interp;;14.85;19.1855
891;456;891;891;0;A;19.1855;3.8042;track;interp;;14.86;19.1855
892;457;892;892;0;A;19.1855;3.8042;track;interp;;14.88;19.1855
893;458;893;893;0;A;19.1855;3.8042;track;interp;;14.9;19.1855
894;459;894;894;0;A;19.2102;3.8414;track;interp;;14.91;19.2102
895;460;895;895;0;A;19.2102;3.8414;track;interp;;14.93;19.2102
896;461;896;896;0;A;19.2102;3.8414;track;interp;;14.95;19.2102
897;462;897;897;0;A;19.2102;3.8414;track;interp;;14.96;19.2102
898;463;898;898;0;A;19.2102;3.8414;track;interp;;14.98;19.2102
899;464;899;899;0;A;19.235;3.8787;track;interp;;15;19.235
900;465;900;900;0;A;19.235;3.8787;track;interp;;15.02;19.235
901;466;901;901;0;A;19.235;3.8787;track;interp;;15.03;19.235
902;467;902;902;0;A;19.235;3.8787;track;interp;;15.05;19.235
903;468;903;903;0;A;19.235;3.8787;track;interp;;15.07;19.235
904;469;904;904;0;A;19.2598;3.9161;track;interp;;15.08;19.2598
905;470;905;905;0;A;19.2598;3.9161;track;interp;;15.1;19.2598
906;471;906;906;0;A;19.2598;3.9161;track;interp;;15.12;19.2598
907;472;907;907;0;A;19.2598;3.9161;track;interp;;15.13;19.2598
908;473;908;908;0;A;19.2598;3.9161;track;interp;;15.15;19.2598
909;474;909;909;0;A;19.2848;3.9537;track;interp;;15.17;19.2848
910;475;910;910;0;A;19.2848;3.9537;track;interp;;15.18;19.2848
911;476;911;911;0;A;19.2848;3.9537;track;interp;;15.2;19.2848
912;477;912;912;0;A;19.2848;3.9537;track;interp;;15.22;19.2848
913;478;913;913;0;A;19.2848;3.9537;track;interp;;15.23;19.2848
914;479;914;914;0;A;19.3099;3.9915;track;interp;;15.25;19.3099
915;480;915;915;0;A;19.3099;3.9915;track;interp;;15.27;19.3099
916;481;916;916;0;A;19.3099;3.9915;track;interp;;15.28;19.3099
917;482;917;917;0;A;19.3099;3.9915;track;interp;;15.3;19.3099
918;483;918;918;0;A;19.3099;3.9915;track;interp;;15.32;19.3099
919;484;919;919;0;A;19.335;4.0293;track;interp;;15.33;19.335
920;485;920;920;0;A;19.335;4.0293;track;interp;;15.35;19.335
921;486;921;921;0;A;19.335;4.0293;track;interp;;15.37;19.335
922;487;922;922;0;A;19.335;4.0293;track;interp;;15.38;19.335
923;488;923;923;0;A;19.335;4.0293;track;interp;;15.4;19.335
924;489;924;924;0;A;19.3603;4.0673;track;interp;;15.42;19.3603
925;490;925;925;0;A;19.3603;4.0673;track;interp;;15.43;19.3603
926;491;926;926;0;A;19.3603;4.0673;track;interp;;15.45;19.3603
927;492;927;927;0;A;19.3603;4.0673;track;interp;;15.47;19.3603
928;493;928;928;0;A;19.3603;4.0673;track;interp;;15.48;19.3603
929;494;929;929;0;A;19.3856;4.1055;track;interp;;15.5;19.3856
930;495;930;930;0;A;19.3856;4.1055;track;interp;;15.52;19.3856
931;496;931;931;0;A;19.3856;4.1055;track;interp;;15.53;19.3856
932;497;932;932;0;A;19.3856;4.1055;track;interp;;15.55;19.3856
933;498;933;933;0;A;19.3856;4.1055;track;interp;;15.57;19.3856
934;499;934;934;0;A;19.411;4.1437;track;interp;;15.58;19.411
935;500;935;935;0;A;19.411;4.1437;track;interp;;15.6;19.411
936;501;936;936;0;A;19.411;4.1437;track;interp;;15.62;19.411
937;502;937;937;0;A;19.411;4.1437;track;interp;;15.63;19.411
938;503;938;938;0;A;19.411;4.1437;track;interp;;15.65;19.411
939;504;939;939;0;A;19.4366;4.1822;track;interp;;15.67;19.4366
940;505;940;940;0;A;19.4366;4.1822;track;interp;;15.68;19.4366
941;506;941;941;0;A;19.4366;4.1822;track;interp;;15.7;19.4366
942;507;942;942;0;A;19.4366;4.1822;track;interp;;15.72;19.4366
943;508;943;943;0;A;19.4366;4.1822;track;interp;;15.73;19.4366
944;509;944;944;0;A;19.4622;4.2207;track;interp;;15.75;19.4622
945;510;945;945;0;A;19.4622;4.2207;track;interp;;15.77;19.4622
946;511;946;946;0;A;19.4885;4.2158;track;interp;;15.78;19.4885
947;512;947;947;0;A;19.4885;4.2158;track;interp;;15.8;19.4885
948;513;948;948;0;A;19.4885;4.2158;track;interp;;15.82;19.4885
949;514;949;949;0;A;19.5143;4.2545;track;interp;;15.83;19.5143
950;515;950;950;0;A;19.5143;4.2545;track;interp;;15.85;19.5143
951;516;951;951;0;A;19.5143;4.2545;track;interp;;15.87;19.5143
952;517;952;952;0;A;19.5143;4.2545;track;interp;;15.88;19.5143
953;518;953;953;0;A;19.5143;4.2545;track;interp;;15.9;19.5143
954;519;954;954;0;A;19.5401;4.2933;track;interp;;15.92;19.5401
955;520;955;955;0;A;19.5401;4.2933;track;interp;;15.93;19.5401
956;521;956;956;0;A;19.5401;4.2933;track;interp;;15.95;19.5401
957;522;957;957;0;A;19.5401;4.2933;track;interp;;15.97;19.5401
958;523;958;958;0;A;19.5401;4.2933;track;interp;;15.98;19.5401
959;524;959;959;0;A;19.5661;4.3323;track;interp;;16;19.5661
960;525;960;960;0;A;19.5661;4.3323;track;interp;;16.02;19.5661
961;526;961;961;0;A;19.5661;4.3323;track;interp;;16.03;19.5661
962;527;962;962;0;A;19.5661;4.3323;track;interp;;16.05;19.5661
963;528;963;963;0;A;19.5661;4.3323;track;interp;;16.07;19.5661
964;529;964;964;0;A;19.5921;4.3714;track;interp;;16.08;19.5921
965;530;965;965;0;A;19.5921;4.3714;track;interp;;16.1;19.5921
966;531;966;966;0;A;19.5921;4.3714;track;interp;;16.12;19.5921
967;532;967;967;0;A;19.5921;4.3714;track;interp;;16.13;19.5921
968;533;968;968;0;A;19.5921;4.3714;track;interp;;16.15;19.5921
969;534;969;969;0;A;19.6183;4.4107;track;interp;;16.17;19.6183
970;535;970;970;0;A;19.6183;4.4107;track;interp;;16.18;19.6183
971;536;971;971;0;A;19.6183;4.4107;track;interp;;16.2;19.6183
972;537;972;972;0;A;19.6183;4.4107;track;interp;;16.22;19.6183
973;538;973;973;0;A;19.6183;4.4107;track;interp;;16.23;19.6183
974;539;974;974;0;A;19.6445;4.4501;track;interp;;16.25;19.6445
975;540;975;975;0;A;19.6445;4.4501;track;interp;;16.27;19.6445
976;541;976;976;0;A;19.6445;4.4501;track;interp;;16.28;19.6445
977;542;977;977;0;A;19.6445;4.4501;track;interp;;16.3;19.6445
978;543;978;978;0;A;19.6445;4.4501;track;interp;;16.32;19.6445
979;544;979;979;0;A;19.6708;4.4897;track;interp;;16.33;19.6708
980;545;980;980;0;A;19.6708;4.4897;track;interp;;16.35;19.6708
981;546;981;981;0;A;19.6708;4.4897;track;interp;;16.37;19.6708
982;547;982;982;0;A;19.6708;4.4897;track;interp;;16.38;19.6708
983;548;983;983;0;A;19.6708;4.4897;track;interp;;16.4;19.6708
984;549;984;984;0;A;19.6973;4.5294;track;interp;;16.42;19.6973
985;550;985;985;0;A;19.6973;4.5294;track;interp;;16.43;19.6973
986;551;986;986;0;A;19.6973;4.5294;track;interp;;16.45;19.6973
987;552;987;987;0;A;19.6973;4.5294;track;interp;;16.47;19.6973
988;553;988;988;0;A;19.6973;4.5294;track;interp;;16.48;19.6973
989;554;989;989;0;A;19.7238;4.5693;track;interp;;16.5;19.7238
990;555;990;990;0;A;19.7238;4.5693;track;interp;;16.52;19.7238
991;556;991;991;0;A;19.7238;4.5693;track;interp;;16.53;19.7238
992;557;992;992;0;A;19.7238;4.5693;track;interp;;16.55;19.7238
993;558;993;993;0;A;19.7238;4.5693;track;interp;;16.57;19.7238
994;559;994;994;0;A;19.7505;4.6093;track;interp;;16.58;19.7505
995;560;995;995;0;A;19.7505;4.6093;track;interp;;16.6;19.7505
996;561;996;996;0;A;19.7505;4.6093;track;interp;;16.62;19.7505
997;562;997;997;0;A;19.7505;4.6093;track;interp;;16.63;19.7505
998;563;998;998;0;A;19.7505;4.6093;track;interp;;16.65;19.7505
999;564;999;999;0;A;19.7772;4.6494;track;interp;;16.67;19.7772
1000;565;1000;1000;0;A;19.7772;4.6494;track;interp;;16.68;19.7772
1001;566;1001;1001;0;A;19.7772;4.6494;track;interp;;16.7;19.7772
1002;567;1002;1002;0;A;19.7772;4.6494;track;interp;;16.72;19.7772
1003;568;1003;1003;0;A;19.7772;4.6494;track;interp;;16.73;19.7772
1004;569;1004;1004;0;A;19.804;4.6898;track;interp;;16.75;19.804
1005;570;1005;1005;0;A;19.804;4.6898;track;interp;;16.77;19.804
1006;571;1006;1006;0;A;19.804;4.6898;track;interp;;16.78;19.804
1007;572;1007;1007;0;A;19.804;4.6898;track;interp;;16.8;19.804
1008;573;1008;1008;0;A;19.804;4.6898;track;interp;;16.82;19.804
1009;574;1009;1009;0;A;19.831;4.7302;track;interp;;16.83;19.831
1010;575;1010;1010;0;A;19.831;4.7302;track;interp;;16.85;19.831
1011;576;1011;1011;0;A;19.831;4.7302;track;interp;;16.87;19.831
1012;577;1012;1012;0;A;19.831;4.7302;track;interp;;16.88;19.831
1013;578;1013;1013;0;A;19.831;4.7302;track;interp;;16.9;19.831
1014;579;1014;1014;0;A;19.858;4.7708;track;interp;;16.92;19.858
1015;580;1015;1015;0;A;19.858;4.7708;track;interp;;16.93;19.858
1016;581;1016;1016;0;A;19.858;4.7708;track;interp;;16.95;19.858
1017;582;1017;1017;0;A;19.858;4.7708;track;interp;;16.97;19.858
1018;583;1018;1018;0;A;19.858;4.7708;track;interp;;16.98;19.858
1019;584;1019;1019;0;A;19.8852;4.8116;track;interp;;17;19.8852
1020;585;1020;1020;0;A;19.8852;4.8116;track;interp;;17.02;19.8852
1021;586;1021;1021;0;A;19.8852;4.8116;track;interp;;17.03;19.8852
1022;587;1022;1022;0;A;19.8852;4.8116;track;interp;;17.05;19.8852
1023;588;1023;1023;0;A;19.8852;4.8116;track;interp;;17.07;19.8852
1024;589;1024;1024;0;A;19.9124;4.8525;track;interp;;17.08;19.9124
1025;590;1025;1025;0;A;19.9124;4.8525;track;interp;;17.1;19.9124
1026;591;1026;1026;0;A;19.9124;4.8525;track;interp;;17.12;19.9124
1027;592;1027;1027;0;A;19.9124;4.8525;track;interp;;17.13;19.9124
1028;593;1028;1028;0;A;19.9124;4.8525;track;interp;;17.15;19.9124
1029;594;1029;1029;0;A;19.9124;4.8525;track;interp;;17.17;19.9124
1030;595;1030;1030;0;A;19.9669;4.8886;track;interp;;17.18;19.9669
1031;596;1031;1031;0;A;19.9669;4.8886;track;interp;;17.2;19.9669
1032;597;1032;1032;0;A;19.9669;4.8886;track;interp;;17.22;19.9669
1033;598;1033;1033;0;A;19.9669;4.8886;track;interp;;17.23;19.9669
1034;599;1034;1034;0;A;19.9669;4.8886;track;interp;;17.25;19.9669
1035;600;1035;1035;0;A;19.9944;4.9298;track;interp;;17.27;19.9944
1036;601;1036;1036;0;A;19.9944;4.9298;track;interp;;17.28;19.9944
1037;602;1037;1037;0;A;19.9944;4.9298;track;interp;;17.3;19.9944
1038;603;1038;1038;0;A;19.9944;4.9298;track;interp;;17.32;19.9944
1039;604;1039;1039;0;A;19.9944;4.9298;track;interp;;17.33;19.9944
1040;605;1040;1040;0;A;20.022;4.9712;track;interp;;17.35;20.022
1041;606;1041;1041;0;A;20.022;4.9712;track;interp;;17.37;20.022
1042;607;1042;1042;0;A;20.022;4.9712;track;interp;;17.38;20.022
1043;608;1043;1043;0;A;20.022;4.9712;track;interp;;17.4;20.022
1044;609;1044;1044;0;A;20.022;4.9712;track;interp;;17.42;20.022
1045;610;1045;1045;0;A;20.0498;5.0127;track;interp;;17.43;20.0498
1046;611;1046;1046;0;A;20.0498;5.0127;track;interp;;17.45;20.0498
1047;612;1047;1047;0;A;20.0498;5.0127;track;interp;;17.47;20.0498
1048;613;1048;1048;0;A;20.0498;5.0127;track;interp;;17.48;20.0498
1049;614;1049;1049;0;A;20.0498;5.0127;track;interp;;17.5;20.0498
1050;615;1050;1050;0;A;20.0776;5.0544;track;interp;;17.52;20.0776
1051;616;1051;1051;0;A;20.0776;5.0544;track;interp;;17.53;20.0776
1052;617;1052;1052;0;A;20.0776;5.0544;track;interp;;17.55;20.0776
1053;618;1053;1053;0;A;20.0776;5.0544;track;interp;;17.57;20.0776
1054;619;1054;1054;0;A;20.0776;5.0544;track;interp;;17.58;20.0776
1055;620;1055;1055;0;A;20.1055;5.0963;track;interp;;17.6;20.1055
1056;621;1056;1056;0;A;20.1055;5.0963;track;interp;;17.62;20.1055
1057;622;1057;1057;0;A;20.1055;5.0963;track;interp;;17.63;20.1055
1058;623;1058;1058;0;A;20.1055;5.0963;track;interp;;17.65;20.1055
1059;624;1059;1059;0;A;20.1055;5.0963;track;interp;;17.67;20.1055
1060;625;1060;1060;0;A;20.1336;5.1383;track;interp;;17.68;20.1336
1061;626;1061;1061;0;A;20.1336;5.1383;track;interp;;17.7;20.1336
1062;627;1062;1062;0;A;20.1336;5.1383;track;interp;;17.72;20.1336
1063;628;1063;1063;0;A;20.1336;5.1383;track;interp;;17.73;20.1336
1064;629;1064;1064;0;A;20.1336;5.1383;track;interp;;17.75;20.1336
1065;630;1065;1065;0;A;20.1617;5.1805;track;interp;;17.77;20.1617
1066;631;1066;1066;0;A;20.1617;5.1805;track;interp;;17.78;20.1617
1067;632;1067;1067;0;A;20.1617;5.1805;track;interp;;17.8;20.1617
1068;633;1068;1068;0;A;20.1617;5.1805;track;interp;;17.82;20.1617
1069;634;1069;1069;0;A;20.1617;5.1805;track;interp;;17.83;20.1617
1070;635;1070;1070;0;A;20.19;5.2229;track;interp;;17.85;20.19
1071;636;1071;1071;0;A;20.19;5.2229;track;interp;;17.87;20.19
1072;637;1072;1072;0;A;20.19;5.2229;track;interp;;17.88;20.19
1073;638;1073;1073;0;A;20.19;5.2229;track;interp;;17.9;20.19
1074;639;1074;1074;0;A;20.19;5.2229;track;interp;;17.92;20.19
1075;640;1075;1075;0;A;20.2183;5.2654;track;interp;;17.93;20.2183
1076;641;1076;1076;0;A;20.2183;5.2654;track;interp;;17.95;20.2183
1077;642;1077;1077;0;A;20.2183;5.2654;track;interp;;17.97;20.2183
1078;643;1078;1078;0;A;20.2183;5.2654;track;interp;;17.98;20.2183
1079;644;1079;1079;0;A;20.2183;5.2654;track;interp;;18;20.2183
1080;645;1080;1080;0;A;20.2468;5.3081;track;interp;;18.02;20.2468
1081;646;1081;1081;0;A;20.2468;5.3081;track;interp;;18.03;20.2468
1082;647;1082;1082;0;A;20.2468;5.3081;track;interp;;18.05;20.2468
1083;648;1083;1083;0;A;20.2468;5.3081;track;interp;;18.07;20.2468
1084;649;1084;1084;0;A;20.2468;5.3081;track;interp;;18.08;20.2468
1085;650;1085;1085;0;A;20.2754;5.3509;track;interp;;18.1;20.2754
1086;651;1086;1086;0;A;20.2754;5.3509;track;interp;;18.12;20.2754
1087;652;1087;1087;0;A;20.2754;5.3509;track;interp;;18.13;20.2754
1088;653;1088;1088;0;A;20.2754;5.3509;track;interp;;18.15;20.2754
1089;654;1089;1089;0;A;20.2754;5.3509;track;interp;;18.17;20.2754
1090;655;1090;1090;0;A;20.3041;5.3939;track;interp;;18.18;20.3041
1091;656;1091;1091;0;A;20.3041;5.3939;track;interp;;18.2;20.3041
1092;657;1092;1092;0;A;20.3041;5.3939;track;interp;;18.22;20.3041
1093;658;1093;1093;0;A;20.3041;5.3939;track;interp;;18.23;20.3041
1094;659;1094;1094;0;A;20.3041;5.3939;track;interp;;18.25;20.3041
1095;660;1095;1095;0;A;20.3329;5.4371;track;interp;;18.27;20.3329
1096;661;1096;1096;0;A;20.3329;5.4371;track;interp;;18.28;20.3329
1097;662;1097;1097;0;A;20.3329;5.4371;track;interp;;18.3;20.3329
1098;663;1098;1098;0;A;20.3329;5.4371;track;interp;;18.32;20.3329
1099;664;1099;1099;0;A;20.3329;5.4371;track;interp;;18.33;20.3329
1100;665;1100;1100;0;A;20.3618;5.4804;track;interp;;18.35;20.3618
1101;666;1101;1101;0;A;20.3618;5.4804;track;interp;;18.37;20.3618
1102;667;1102;1102;0;A;20.3618;5.4804;track;interp;;18.39;20.3618
1103;668;1103;1103;0;A;20.3618;5.4804;track;interp;;18.4;20.3618
1104;669;1104;1104;0;A;20.3618;5.4804;track;interp;;18.42;20.3618
1105;670;1105;1105;0;A;20.3908;5.5239;track;interp;;18.44;20.3908
1106;671;1106;1106;0;A;20.3908;5.5239;track;interp;;18.45;20.3908
1107;672;1107;1107;0;A;20.3908;5.5239;track;interp;;18.47;20.3908
1108;673;1108;1108;0;A;20.3908;5.5239;track;interp;;18.49;20.3908
1109;674;1109;1109;0;A;20.3908;5.5239;track;interp;;18.5;20.3908
1110;675;1110;1110;0;A;20.42;5.5676;track;interp;;18.52;20.42
1111;676;1111;1111;0;A;20.42;5.5676;track;interp;;18.54;20.42
1112;677;1112;1112;0;A;20.42;5.5676;track;interp;;18.55;20.42
1113;678;1113;1113;0;A;20.448;5.5625;track;interp;;18.57;20.448
1114;679;1114;1114;0;A;20.448;5.5625;track;interp;;18.59;20.448
1115;680;1115;1115;0;A;20.4773;5.6063;track;interp;;18.6;20.4773
1116;681;1116;1116;0;A;20.4773;5.6063;track;interp;;18.62;20.4773
1117;682;1117;1117;0;A;20.4773;5.6063;track;interp;;18.64;20.4773
1118;683;1118;1118;0;A;20.4773;5.6063;track;interp;;18.65;20.4773
1119;684;1119;1119;0;A;20.4773;5.6063;track;interp;;18.67;20.4773
1120;685;1120;1120;0;A;20.5068;5.6503;track;interp;;18.69;20.5068
1121;686;1121;1121;0;A;20.5068;5.6503;track;interp;;18.7;20.5068
1122;687;1122;1122;0;A;20.5068;5.6503;track;interp;;18.72;20.5068
1123;688;1123;1123;0;A;20.5068;5.6503;track;interp;;18.74;20.5068
1124;689;1124;1124;0;A;20.5068;5.6503;track;interp;;18.75;20.5068
1125;690;1125;1125;0;A;20.5363;5.6945;track;interp;;18.77;20.5363
1126;691;1126;1126;0;A;20.5363;5.6945;track;interp;;18.79;20.5363
1127;692;1127;1127;0;A;20.5363;5.6945;track;interp;;18.8;20.5363
1128;693;1128;1128;0;A;20.5363;5.6945;track;interp;;18.82;20.5363
1129;694;1129;1129;0;A;20.5363;5.6945;track;interp;;18.84;20.5363
1130;695;1130;1130;0;A;20.566;5.7389;track;interp;;18.85;20.566
1131;696;1131;1131;0;A;20.566;5.7389;track;interp;;18.87;20.566
1132;697;1132;1132;0;A;20.566;5.7389;track;interp;;18.89;20.566
1133;698;1133;1133;0;A;20.566;5.7389;track;interp;;18.9;20.566
1134;699;1134;1134;0;A;20.566;5.7389;track;interp;;18.92;20.566
1135;700;1135;1135;0;A;20.5958;5.7834;track;interp;;18.94;20.5958
1136;701;1136;1136;0;A;20.5958;5.7834;track;interp;;18.95;20.5958
1137;702;1137;1137;0;A;20.5958;5.7834;track;interp;;18.97;20.5958
1138;703;1138;1138;0;A;20.5958;5.7834;track;interp;;18.99;20.5958
1139;704;1139;1139;0;A;20.5958;5.7834;track;interp;;19;20.5958
1140;705;1140;1140;0;A;20.6257;5.8282;track;interp;;19.02;20.6257
1141;706;1141;1141;0;A;20.6257;5.8282;track;interp;;19.04;20.6257
1142;707;1142;1142;0;A;20.6257;5.8282;track;interp;;19.05;20.6257
1143;708;1143;1143;0;A;20.6257;5.8282;track;interp;;19.07;20.6257
1144;709;1144;1144;0;A;20.6257;5.8282;track;interp;;19.09;20.6257
1145;710;1145;1145;0;A;20.6557;5.8731;track;interp;;19.1;20.6557
1146;711;1146;1146;0;A;20.6557;5.8731;track;interp;;19.12;20.6557
1147;712;1147;1147;0;A;20.6557;5.8731;track;interp;;19.14;20.6557
1148;713;1148;1148;0;A;20.6557;5.8731;track;interp;;19.15;20.6557
1149;714;1149;1149;0;A;20.6557;5.8731;track;interp;;19.17;20.6557
1150;715;1150;1150;0;A;20.6858;5.9181;track;interp;;19.19;20.6858
1151;716;1151;1151;0;A;20.6858;5.9181;track;interp;;19.2;20.6858
1152;717;1152;1152;0;A;20.6858;5.9181;track;interp;;19.22;20.6858
1153;718;1153;1153;0;A;20.6858;5.9181;track;interp;;19.24;20.6858
1154;719;1154;1154;0;A;20.6858;5.9181;track;interp;;19.25;20.6858
1155;720;1155;1155;0;A;20.7161;5.9634;track;interp;;19.27;20.7161
1156;721;1156;1156;0;A;20.7161;5.9634;track;interp;;19.29;20.7161
1157;722;1157;1157;0;A;20.7161;5.9634;track;interp;;19.3;20.7161
1158;723;1158;1158;0;A;20.7161;5.9634;track;interp;;19.32;20.7161
1159;724;1159;1159;0;A;20.7161;5.9634;track;interp;;19.34;20.7161
1160;725;1160;1160;0;A;20.7464;6.0088;track;interp;;19.35;20.7464
1161;726;1161;1161;0;A;20.7464;6.0088;track;interp;;19.37;20.7464
1162;727;1162;1162;0;A;20.7464;6.0088;track;interp;;19.39;20.7464
1163;728;1163;1163;0;A;20.7464;6.0088;track;interp;;19.4;20.7464
1164;729;1164;1164;0;A;20.7464;6.0088;track;interp;;19.42;20.7464
1165;730;1165;1165;0;A;20.7769;6.0544;track;interp;;19.44;20.7769
1166;731;1166;1166;0;A;20.7769;6.0544;track;interp;;19.45;20.7769
1167;732;1167;1167;0;A;20.7769;6.0544;track;interp;;19.47;20.7769
1168;733;1168;1168;0;A;20.7769;6.0544;track;interp;;19.49;20.7769
1169;734;1169;1169;0;A;20.7769;6.0544;track;interp;;19.5;20.7769
1170;735;1170;1170;0;A;20.7769;6.0544;track;interp;;19.52;20.7769
1171;736;1171;1171;0;A;20.8076;6.1002;track;interp;;19.54;20.8076
1172;737;1172;1172;0;A;20.8076;6.1002;track;interp;;19.55;20.8076
1173;738;1173;1173;0;A;20.8076;6.1002;track;interp;;19.57;20.8076
1174;739;1174;1174;0;A;20.8076;6.1002;track;interp;;19.59;20.8076
1175;740;1175;1175;0;A;20.8076;6.1002;track;interp;;19.6;20.8076
1176;741;1176;1176;0;A;20.8383;6.1462;track;interp;;19.62;20.8383
1177;742;1177;1177;0;A;20.8383;6.1462;track;interp;;19.64;20.8383
1178;743;1178;1178;0;A;20.8383;6.1462;track;interp;;19.65;20.8383
1179;744;1179;1179;0;A;20.8383;6.1462;track;interp;;19.67;20.8383
1180;745;1180;1180;0;A;20.8383;6.1462;track;interp;;19.69;20.8383
1181;746;1181;1181;0;A;20.8692;6.1924;track;interp;;19.7;20.8692
1182;747;1182;1182;0;A;20.8692;6.1924;track;interp;;19.72;20.8692
1183;748;1183;1183;0;A;20.8692;6.1924;track;interp;;19.74;20.8692
1184;749;1184;1184;0;A;20.8692;6.1924;track;interp;;19.75;20.8692
1185;750;1185;1185;0;A;20.8692;6.1924;track;interp;;19.77;20.8692
1186;751;1186;1186;0;A;20.9002;6.2388;track;interp;;19.79;20.9002
1187;752;1187;1187;0;A;20.9002;6.2388;track;interp;;19.8;20.9002
1188;753;1188;1188;0;A;20.9002;6.2388;track;interp;;19.82;20.9002
1189;754;1189;1189;0;A;20.9002;6.2388;track;interp;;19.84;20.9002
1190;755;1190;1190;0;A;20.9002;6.2388;track;interp;;19.85;20.9002
1191;756;1191;1191;0;A;20.9313;6.2853;track;interp;;19.87;20.9313
1192;757;1192;1192;0;A;20.9313;6.2853;track;interp;;19.89;20.9313
1193;758;1193;1193;0;A;20.9313;6.2853;track;interp;;19.9;20.9313
1194;759;1194;1194;0;A;20.9313;6.2853;track;interp;;19.92;20.9313
1195;760;1195;1195;0;A;20.9313;6.2853;track;interp;;19.94;20.9313
1196;761;1196;1196;0;A;20.9625;6.332;track;interp;;19.95;20.9625
1197;762;1197;1197;0;A;20.9916;6.3267;track;interp;;19.97;20.9916
1198;763;1198;1198;0;A;20.9916;6.3267;track;interp;;19.99;20.9916
1199;764;1199;1199;0;A;20.9916;6.3267;track;interp;;20;20.9916
1200;765;1200;1200;0;A;20.9916;6.3267;track;interp;;20.02;20.9916
1201;766;1201;1201;0;A;21.023;6.3737;track;interp;;20.04;21.023
1202;767;1202;1202;0;A;21.023;6.3737;track;interp;;20.05;21.023
1203;768;1203;1203;0;A;21.023;6.3737;track;interp;;20.07;21.023
1204;769;1204;1204;0;A;21.023;6.3737;track;interp;;20.09;21.023
1205;770;1205;1205;0;A;21.023;6.3737;track;interp;;20.1;21.023
1206;771;1206;1206;0;A;21.0546;6.4208;track;interp;;20.12;21.0546
1207;772;1207;1207;0;A;21.0546;6.4208;track;interp;;20.14;21.0546
1208;773;1208;1208;0;A;21.0546;6.4208;track;interp;;20.15;21.0546
1209;774;1209;1209;0;A;21.0546;6.4208;track;interp;;20.17;21.0546
1210;775;1210;1210;0;A;21.0546;6.4208;track;interp;;20.19;21.0546
1211;776;1211;1211;0;A;21.0863;6.4681;track;interp;;20.2;21.0863
1212;777;1212;1212;0;A;21.0863;6.4681;track;interp;;20.22;21.0863
1213;778;1213;1213;0;A;21.0863;6.4681;track;interp;;20.24;21.0863
1214;779;1214;1214;0;A;21.0863;6.4681;track;interp;;20.25;21.0863
1215;780;1215;1215;0;A;21.0863;6.4681;track;interp;;20.27;21.0863
1216;781;1216;1216;0;A;21.1181;6.5156;track;interp;;20.29;21.1181
1217;782;1217;1217;0;A;21.1181;6.5156;track;interp;;20.3;21.1181
1218;783;1218;1218;0;A;21.1181;6.5156;track;interp;;20.32;21.1181
1219;784;1219;1219;0;A;21.1181;6.5156;track;interp;;20.34;21.1181
1220;785;1220;1220;0;A;21.1181;6.5156;track;interp;;20.35;21.1181
1221;786;1221;1221;0;A;21.15;6.5632;track;interp;;20.37;21.15
1222;787;1222;1222;0;A;21.15;6.5632;track;interp;;20.39;21.15
1223;788;1223;1223;0;A;21.15;6.5632;track;interp;;20.4;21.15
1224;789;1224;1224;0;A;21.15;6.5632;track;interp;;20.42;21.15
1225;790;1225;1225;0;A;21.15;6.5632;track;interp;;20.44;21.15
1226;791;1226;1226;0;A;21.1821;6.6111;track;interp;;20.45;21.1821
1227;792;1227;1227;0;A;21.1821;6.6111;track;interp;;20.47;21.1821
1228;793;1228;1228;0;A;21.1821;6.6111;track;interp;;20.49;21.1821
1229;794;1229;1229;0;A;21.1821;6.6111;track;interp;;20.5;21.1821
1230;795;1230;1230;0;A;21.1821;6.6111;track;interp;;20.52;21.1821
1231;796;1231;1231;0;A;21.2143;6.6592;track;interp;;20.54;21.2143
1232;797;1232;1232;0;A;21.2143;6.6592;track;interp;;20.55;21.2143
1233;798;1233;1233;0;A;21.2143;6.6592;track;interp;;20.57;21.2143
1234;799;1234;1234;0;A;21.2143;6.6592;track;interp;;20.59;21.2143
1235;800;1235;1235;0;A;21.2143;6.6592;track;interp;;20.6;21.2143
1236;801;1236;1236;0;A;21.2467;6.7075;track;interp;;20.62;21.2467
1237;802;1237;1237;0;A;21.2467;6.7075;track;interp;;20.64;21.2467
1238;803;1238;1238;0;A;21.2467;6.7075;track;click;;20.65;21.2467
