Index,rvec_x,rvec_y,rvec_z,tvec_x,tvec_y,tvec_z,f,error
0,0.0,0.0,0.0,0.0,0.0,0.0,0.0,
1,0.0,0.0,0.0,0.0,0.0,0.0,0.0,
2,0.0,0.0,0.0,0.0,0.0,0.0,0.0,
3,0.0,0.0,0.0,0.0,0.0,0.0,0.0,
4,1.533681427310036,-1.5327016831902422,0.9597836960773635,0.0030204798405593677,0.1146298597028001,9.625894103319851,1419.1863264901892,
5,1.530906419677649,-1.5355542831130404,0.9664314978666636,-0.0030626322615681456,0.11525801222747198,10.1498431731146,1504.3813070935348,
6,0.0,0.0,0.0,0.0,0.0,0.0,0.0,
7,1.5331837048732664,-1.5326949129493899,0.9605983350440331,0.0015089519018380523,0.11458307018083008,9.664150516060735,1426.5342027088477,
8,1.531332519932247,-1.5348656782398622,0.9652337480705807,-0.0018366352062017543,0.11493289063810827,9.96369929648495,1475.4597050645505,
9,1.5320105385896072,-1.533779886489713,0.9633258719409942,-0.0009148958757914738,0.11473387729099549,9.831029161737682,1454.3561997504937,
10,1.534577822762505,-1.5298106540829461,0.9561545379300398,0.0021110098557338376,0.11421276331519428,9.453745181081647,1393.4535696335977,
11,1.5365321825945264,-1.5273648621554867,0.9511384710589408,-0.0024358031603455596,0.11627879723550008,10.313859920214439,1520.5103857713125,
12,1.534937330847277,-1.5296418216955634,0.9554334846511389,-0.004227323992259729,0.11429897865043158,9.457248241250744,1393.0785288634336,
13,1.5360758845491078,-1.5293154101911677,0.9533300600630641,0.0003828759656045114,0.11602008358565655,10.147421679396334,1494.5229718366377,
14,1.532635857511673,-1.5360145141057746,0.9639517896144524,0.0032909221107498936,0.11533912010657167,9.943369783580119,1466.913027974444,
15,1.5343415679879644,-1.5349795345262176,0.9603848913648603,-0.0031867947143541645,0.11634006427792358,10.274017046228304,1512.7547441140784,
16,0.0,0.0,0.0,0.0,0.0,0.0,0.0,
17,0.0,0.0,0.0,0.0,0.0,0.0,0.0,
18,0.0,0.0,0.0,0.0,0.0,0.0,0.0,
19,0.0,0.0,0.0,0.0,0.0,0.0,0.0,
20,0.0,0.0,0.0,0.0,0.0,0.0,0.0,
21,0.0,0.0,0.0,0.0,0.0,0.0,0.0,
22,0.0,0.0,0.0,0.0,0.0,0.0,0.0,
23,1.5308662958511532,-1.5387409081534293,0.9688706193444019,0.005400858196119981,0.11445187939821638,9.618600094682638,1420.002492663614,
24,1.53039285508121,-1.5334080903521607,0.9657012062309636,0.006586852247171548,0.11376038762043832,9.588200250026514,1422.7735069357552,
25,1.5311725635967544,-1.5357652717350874,0.9661745463364795,-0.0004481629042447585,0.11380158137595685,9.417532199613188,1391.7673470424618,
26,1.5307634649322053,-1.5358024331909808,0.9668676923841942,0.004955503592376838,0.11387810915581002,9.496530074107396,1404.9932929574686,
27,1.530608850633624,-1.5352477994981901,0.9667105377963056,0.003902650902677162,0.11373142304971053,9.472051053512532,1402.338348943272,
28,1.530685291163762,-1.5358188553917183,0.9670126384374371,0.0024143486753878353,0.11352917892524642,9.351216995814564,1383.0618807998283,
29,1.531719148457549,-1.5376103993141095,0.9666495753921257,0.00015420339426824628,0.11414909933868708,9.432209167164904,1390.3565226774415,
30,1.533205980046131,-1.5296766272616116,0.9583354363185905,0.0018366124395912452,0.11493206793254708,9.963334974091293,1475.40495371628,
31,1.5324380373088853,-1.5330801632017212,0.9621090100427774,0.00029864071868919385,0.11440693443995839,9.655798931926638,1427.1396037059146,
32,1.5324440604182792,-1.5325212333590235,0.9616856761666985,0.0009023072275712943,0.1144465810398548,9.69768544263071,1434.1187866129223,
33,1.5317780074529994,-1.5344948761251551,0.9642431431232494,0.0030147528060038694,0.11370304006382571,9.358194651671798,1382.2960772088777,
34,1.531719148457549,-1.5376103993141095,0.9666495753921257,0.00015420339426824628,0.11414909933868708,9.432209167164904,1390.3565226774415,
35,1.5309186783902724,-1.5365525745901985,0.9671768770147552,0.0009177618705125324,0.11357516722684399,9.315609148166226,1376.1521713678146,
36,1.5336948759156028,-1.5296044710732595,0.9574781604360583,-0.0010109726472319737,0.1152077863984095,10.04007153937142,1485.6002041356694,
37,1.5324440604182792,-1.5325212333590235,0.9616856761666985,0.0009023072275712943,0.1144465810398548,9.69768544263071,1434.1187866129223,
38,1.5324440604182792,-1.5325212333590235,0.9616856761666985,0.0009023072275712943,0.1144465810398548,9.69768544263071,1434.1187866129223,
39,1.5327258978707508,-1.5328812649417969,0.961488938935655,0.0018061690528728502,0.11465941920615155,9.747251799500699,1440.3819545249044,
40,1.5310571030486357,-1.5363556470051782,0.9667780874503058,0.0006930245422585067,0.11524563721994228,10.084940861677897,1493.0662466429992,
41,1.53215159730818,-1.5327932290224155,0.9623666155741724,0.0002973966042484119,0.11448164619223702,9.737979493678477,1440.863683491659,
42,1.53215159730818,-1.5327932290224155,0.9623666155741724,0.0002973966042484119,0.11448164619223702,9.737979493678477,1440.863683491659,
43,1.532400784894623,-1.5324007748187705,0.9616677026002479,1.0104917396432468e-07,0.11460957233096676,9.785049306764458,1447.6925220866615,
44,1.532400784894623,-1.5324007748187705,0.9616677026002479,1.0104917396432468e-07,0.11460957233096676,9.785049306764458,1447.6925220866615,
45,1.5327202765096095,-1.5334402587356364,0.961911817208128,0.0012019656456848835,0.11461931489695001,9.70471308416131,1433.30691548348,
46,1.532357864390339,-1.5329108879161322,0.9621151841387228,0.002856210388225401,0.11450761182341106,9.719719701011499,1437.3067378224118,
47,1.532450444575247,-1.531963746370694,0.9612632711651847,0.0015063885520790806,0.11448282562279291,9.73848351105661,1440.939521084626,
48,1.5293461876433359,-1.5396211291649928,0.9719750840754592,0.004731040968005678,0.11467524840379727,9.868320664829204,1461.7042694495474,
49,1.5317484334509386,-1.5338490235857194,0.9638008205293308,0.009593414296414,0.11550890493952877,10.249981104785212,1518.9160644607396,
50,1.5319988280956431,-1.5339314272287832,0.9634536907178682,0.014721779075625054,0.11530907820298972,10.109377950588632,1496.593581484805,
51,1.532395633164887,-1.5350510135749915,0.9636305799481252,0.01594683308750646,0.11545095066086601,10.075122437458282,1488.796063409617,
52,1.5328652285196693,-1.5317146433829512,0.9603984128830984,0.015057148313223325,0.1148596233924858,9.877874927722974,1461.1415127378546,
53,1.5326184340281614,-1.532878459538747,0.9616634387723435,0.017462550605145667,0.11453365202107528,9.70154367548223,1433.7656050329483,
54,1.5299914498474572,-1.536529487817007,0.9686467770980204,0.025465093490909856,0.11462855167357909,9.907521773692288,1469.2245346118063,
55,1.5334067793681363,-1.536754735502184,0.963222745552386,0.022310826258239217,0.1170567360466544,10.706796211431568,1579.2429736140102,
56,1.5344383469898324,-1.5321566235767345,0.9581397419309182,0.025857790945536967,0.11607198792954575,10.259533640238196,1513.5516024560216,
57,1.5313369030146864,-1.5363802238718371,0.966352230013632,0.030086268346815007,0.11452734921151506,9.700281384051118,1433.6201060242356,
58,1.5308094537211034,-1.5378073416905294,0.9682680278223368,0.024055175310651582,0.11452594827453237,9.700319502868641,1433.6480781939877,
59,1.5316168207488494,-1.5389466701274068,0.9677955021798181,0.027738847499984433,0.11487552097888656,9.716038822494099,1432.277940220968,
60,1.5308508452923149,-1.5360393902562037,0.9668936900396069,0.03185031857520303,0.11435100028417852,9.691732441474207,1434.2044690037885,
61,1.5308377731581366,-1.5371390792387571,0.9677313441057016,0.030678956337061775,0.11427501399132563,9.610283293915645,1420.6093079231334,
62,1.53033655392181,-1.5371310427551026,0.9685402642050186,0.02913548116691935,0.11422773279016232,9.648120206190553,1427.9129724110214,
63,1.530894432260376,-1.5343617802821237,0.9655860929404544,0.030175136436026883,0.11395594411827704,9.57732117701679,1418.5056288750795,
64,1.5319674104545198,-1.5335653960093483,0.9632361257706387,0.02840891258905055,0.11512154642082353,10.036353943233205,1486.0029984273344,
65,1.5328663246093053,-1.5324923438801352,0.9609705944544461,0.0171684422339775,0.11465889541193439,9.746990979214116,1440.3417297412104,
66,1.5324107079264384,-1.5323733874990346,0.9616311844752164,0.013838585018720526,0.1146096279789244,9.785066724560009,1447.6949291738197,
67,1.5313262814834536,-1.5351748308774829,0.9654707887188061,0.00868390864985759,0.11505665012552158,10.011365058526234,1482.3817460712712,
68,1.5320334406898628,-1.5325215615069272,0.9623600681897176,-0.001504918672349444,0.11423320447023266,9.648253954654598,1427.8628542683357,
69,1.531719706709429,-1.5363747795603817,0.9657108899853759,-0.009996826717302983,0.11548683103758786,10.118983926296183,1496.0915976254903,
70,1.5347632803794862,-1.5403782095181697,0.9636897239459231,-0.023410175963613663,0.1119381606884431,10.190048436082378,1508.6714422663351,
71,1.53324589511368,-1.541964514251696,0.9673516388364405,-0.030601127138145747,0.11138336088630864,10.030415743435956,1487.379577199554,
72,1.5345945881909662,-1.543734682430232,0.966476953441084,-0.03749129515985099,0.11150285915303992,9.849685166854787,1453.6896664553392,
73,1.5335452785894328,-1.5421555911434253,0.9670038132616151,-0.04880389744081705,0.11153756219894219,10.060937810930414,1490.8560200886207,
74,1.529860657708199,-1.5395006965537563,0.9710413067453268,-0.05786416341240893,0.11518679003929724,10.060558222947444,1489.4949931758874,
75,1.530104031186293,-1.5411593553987015,0.971846064264357,-0.06941362237855374,0.1086272379537952,10.12806979094006,1499.0855764778134,
76,1.5297819722340908,-1.542013448072967,0.9730150684467201,-0.07239182165204865,0.10805224187880488,9.848894316431807,1456.6858393291689,
77,1.5276004827851475,-1.5436069570496822,0.9776949044013737,-0.08078951194771689,0.10785925654141326,9.939735767540565,1475.4800736481484,
78,1.5282887457270649,-1.5465615012820813,0.978796287031341,-0.0905308447493062,0.1077161070756734,9.670206820372508,1428.9485483353321,
79,1.5274321888495916,-1.5450294560922224,0.9790226230357507,-0.0956929276646777,0.10771583759142789,9.829359033838063,1457.5298929724104,
80,1.5307586126765547,-1.549545710036407,0.9769931062074185,-0.1038287637313416,0.10415209453690735,9.831802524685477,1458.2194325604466,
81,1.5309201601352647,-1.5519707410443793,0.9785783947338496,-0.1117849806324544,0.10363482480438747,9.491209301321915,1403.2541238148235,
82,1.5310305127681882,-1.5526475836443452,0.9789017074082234,-0.11594793144882644,0.10378163300132351,9.518307778945893,1406.2988420569827,
83,1.5315917315498662,-1.5524316546407424,0.9778280085239764,-0.127657012553278,0.10405169428222655,9.588186126564423,1415.4818003152677,
84,1.5359145464842758,-1.5504785339845066,0.9693532785333213,-0.13519165969389163,0.09990600188089933,9.485513047476669,1404.4007643198822,
85,1.5292802641426586,-1.5478653121510388,0.978069035591954,-0.14761939382396708,0.09480683772021578,9.933266675268847,1468.3584462079125,
86,1.5280462730098372,-1.5514373650379487,0.9827034778056835,-0.15091496635362753,0.09428001207811178,9.682480982067993,1430.076085004531,
87,1.5258014215583078,-1.5505502860744516,0.98559333067869,-0.16146826682985424,0.09420761671699233,9.894997990965381,1470.1945523642064,
88,1.528016206978853,-1.5508042048453523,0.9822440898960725,-0.1725511043000951,0.09491833387337231,10.000282242743797,1478.998262004843,
89,1.5254461238037191,-1.5523106299650415,0.9874703660941303,-0.17965690453059482,0.09393841443730842,9.74105450138144,1445.8117601384947,
90,1.532411319156896,-1.5570611260611957,0.9798138192439886,-0.1912913551472494,0.08918284728806267,9.900693550298168,1466.9076582519824,
91,1.5301034447804598,-1.5509367160937901,0.9789878059492607,-0.1997546796762183,0.08552198946627436,9.704825610561628,1437.6039775301915,
92,1.5282641151816976,-1.5552636946085994,0.9851284737152215,-0.2075762635442456,0.08521937404737356,9.589581997782075,1420.7639300552526,
93,1.5271518283655108,-1.5555379029889416,0.9871333287589709,-0.21866955999660678,0.08448474352150824,9.363061515618933,1389.3597779098195,
94,1.5290585279610804,-1.5558637972160294,0.9842083544191992,-0.22969438032873646,0.0784984437882417,9.894293944937582,1468.4396830541837,
95,1.5249338871713782,-1.5561264337773189,0.9909026297148499,-0.23431556962382624,0.07443913940258262,9.829611030880036,1452.5800865100834,
96,1.529618619298892,-1.5569861907345244,0.9840667023728632,-0.23901660547823012,0.06972644252343536,9.975853454033823,1480.4177687647557,
97,1.5226490587182064,-1.5599200605599015,0.9733654961959146,-0.25387090100993676,0.06738700827373217,9.354044686309416,1380.69729080819,
98,1.5320307349939513,-1.5679379048778896,0.9883580405960775,-0.2530990008944875,0.06541533991452313,9.55710187018174,1413.1127886467846,
99,1.532502930385734,-1.5667360451139722,0.9867161898665006,-0.2571288229195668,0.0654247213992357,9.56054799074823,1413.5837284052031,
100,0.0,0.0,0.0,0.0,0.0,0.0,0.0,
101,1.529337507950342,-1.5610233296829479,0.987351916683909,-0.265855523332283,0.05543670154706257,9.996575607995808,1479.0469086724086,
102,1.5288156575959975,-1.5636956676723346,0.9900992826898078,-0.267660465047692,0.05595952431359446,10.20263620463506,1508.4271809409552,
103,1.5277804160605044,-1.5632822925913388,0.9915049444284967,-0.26853060958460384,0.05456941050799521,9.66017261281247,1430.5189291960728,
104,1.5277469800322707,-1.5646984946291256,0.992609554381412,-0.2700593010447657,0.05442337773770584,9.573763047197696,1416.03082219928,
105,1.5276519850783399,-1.5652625186182219,0.993152199463767,-0.26990969984388113,0.054716994790927086,9.687793855246207,1432.8033305302615,
106,1.5287686814532218,-1.565004131568212,0.991242606293837,-0.26751764017360247,0.05437541748600704,9.49819647114576,1401.4051747823019,
107,1.5272282209434285,-1.5668878233415193,0.9949693960228047,-0.2659370800822519,0.055246272701806536,9.900666091780485,1464.1569792234204,
108,1.5283367854229315,-1.5618476576273777,0.9895805481569419,-0.26234863399842545,0.05456011808667775,9.657345643501195,1430.0973860394517,
109,1.5228149457116769,-1.5657185713931083,0.9780825857685109,-0.2595938085785313,0.0566391180635277,10.1361391272792,1500.3662109375,
110,1.5278178896602603,-1.5616641531040547,0.9902565313657828,-0.2499633677078823,0.05457993794697678,9.695817066219371,1437.6262333503898,
111,1.5286128420590532,-1.5624385558896379,0.9895883949570946,-0.24371050801854496,0.05447474539542391,9.59641150455684,1419.4577828221688,
112,1.5269974676032372,-1.5612386976472292,0.9911601211007336,-0.23823260548940833,0.05561691792187281,10.206189605154934,1517.5830813059736,
113,1.5288287650058503,-1.5624978746004288,0.9892985579562857,-0.23275958213820755,0.05440043228764293,9.554313844891755,1412.439280315748,
114,1.5296404598359703,-1.5599359532308823,0.9861228790215674,-0.22779532057955948,0.054650072596206245,9.666373958103609,1429.7752195781154,
115,1.5294551450176308,-1.561562503204959,0.9876273806549142,-0.21884888926211513,0.054386768831426326,9.536045057709089,1408.9214403164485,
116,1.5279029760408755,-1.5599731878167864,0.9888749456117242,-0.21104000678765358,0.05470488848335064,9.779016716468892,1451.8597672398128,
117,1.52801757703835,-1.5584956456701462,0.9876357709288044,-0.21050466555845437,0.05430997958890043,9.637852433647362,1431.9125187351108,
118,1.5312184021712243,-1.5594792232339285,0.9833340311498932,-0.20341518390819538,0.05398849862461972,9.333357477648446,1375.7413017328251,
119,1.5331319763622133,-1.553637153351607,0.9759560179251421,-0.19727413825243093,0.054601663925775,9.592604436320602,1415.4434615485904,
120,1.5311961675275554,-1.5568454312018185,0.9813798461333211,-0.19269300706585563,0.054928583293362386,9.76453645497785,1443.397125949517,
121,1.528206286450899,-1.551126354870012,0.9819155983045128,-0.1845634921843592,0.051226953406484234,9.966791348510627,1471.162176286512,
122,1.5273754140441202,-1.5548603896920503,0.9859661605524789,-0.1824930754895395,0.050670526621661126,9.69565468817863,1428.7528190754815,
123,1.5287138895532308,-1.5552128475926201,0.9841108299503023,-0.17392058530879276,0.05077999008214018,9.669395160368284,1420.4567209157628,
124,1.5301955225215962,-1.5506622380186441,0.9784174151032539,-0.1705862701544352,0.05150336420366215,9.994025682174883,1469.6439183224136,
125,1.5303737746077004,-1.5519127396522028,0.9790372942051521,-0.16531977731044636,0.05171058018526459,10.051396129301171,1476.1918861604727,
126,1.529112140683323,-1.5548598301006387,0.9832253814536861,-0.1578979204727417,0.05076509580052952,9.65060733400135,1416.8760994319045,
127,1.5318369316912295,-1.5464822459347136,0.972772430575402,-0.150982269610409,0.05102669886093937,9.78469116081626,1438.1892104264305,
128,1.5298592326254732,-1.5530149933971304,0.9806912509233832,-0.1432464416524613,0.050877315829464066,9.695813055436261,1423.4852344841174,
129,1.532317692833762,-1.5497368773250577,0.9744004397526753,-0.13770606941580815,0.05035010676114568,9.42538994355734,1379.6367569118997,
130,1.5306023413018304,-1.5503014205027157,0.9775306353186882,-0.12791647906431539,0.05089150106910323,9.716612554938747,1427.4310267190199,
131,1.5327434122310206,-1.5485155206417207,0.9727854526968472,-0.1192240258305993,0.05166426412594077,9.97375338331325,1461.2687841048992,
132,1.5313726941559165,-1.5529328539379936,0.978222083623148,-0.11571243120876797,0.051047148719791005,9.693747756212582,1418.7782939953652,
133,1.5314123714183645,-1.549852136078154,0.975905370211199,-0.10609626999964296,0.051099535835835604,9.772296782892678,1433.8061803748183,
134,1.5330409269955867,-1.5493072917617825,0.972884459683746,-0.10021578459988516,0.051756717671370925,9.98287674956181,1460.8042662838996,
135,1.5341067198913403,-1.5482628149041333,0.9704410608677215,-0.09410323766521082,0.0506477112059323,9.485382063967526,1384.947161870095,
136,1.5349993566261904,-1.5508692890772648,0.9708689235956827,-0.08435594548585736,0.04439785132644062,9.672986827320566,1409.2772722192026,
137,1.5363956191435795,-1.5487796791127157,0.9670855682438526,-0.08033877320301545,0.04448414760958806,9.682056722737043,1408.782919621157,
138,1.5389208167497455,-1.547231152415364,0.9618564102452979,-0.07409734291729961,0.044245322949822884,9.503608372337483,1376.799204576017,
139,1.5311637368409252,-1.5468524481154335,0.9741167991269416,-0.07133318526255387,0.04798368940165547,9.669188796177425,1409.1210941447014,
140,1.5358573814110033,-1.5515896613378333,0.9700195214069267,-0.06548621314295283,0.04433490831567273,9.59924376119435,1395.0973494811703,
141,1.5370184846719048,-1.5481954573121146,0.9656430645427387,-0.060816406237119335,0.04482289307069331,9.804885577201226,1425.6882711998476,
142,1.5383332359712838,-1.5499044861986657,0.9647919318345103,-0.060913074923398806,0.04372736904198406,9.288524600954702,1344.1051291195863,
143,1.538520455307643,-1.5468634852912502,0.9622353714275065,-0.058334488575919136,0.0443976658688421,9.586575902942904,1390.548014188054,
144,1.5367705730427699,-1.5460388622036372,0.964452116598368,-0.06015252404696535,0.04239953281071262,10.012704618164435,1445.7178142486787,
145,1.536232726762054,-1.5468257600608966,0.9659250666159724,-0.06056074653972706,0.040845371299513586,9.384722569060399,1354.569693269384,
146,1.531545822703001,-1.5381026313485742,0.967148634715186,-0.0594270253817142,0.042722660035675084,9.925624824811852,1428.1539643120857,
147,1.529417244407851,-1.5455570464182093,0.9759446481532524,-0.0645113061786135,0.042211021609540385,9.677752368401697,1390.0409423997457,
148,1.5346983828455927,-1.5448589334097613,0.966939021765545,-0.06544940954270342,0.03918506201767957,9.957225409002664,1431.433044177538,
149,1.5344642595703497,-1.5503451182438432,0.9713294156739205,-0.07014696745568291,0.0384012449344381,9.559829044512982,1368.3949937188838,
150,1.5354174565296475,-1.5495847299576244,0.9692150558479494,-0.07874195756847469,0.03950139689892309,9.992439157923792,1429.1184065730922,
151,1.5412517392716782,-1.558536766588321,0.9663560419975769,-0.08553904508503299,0.027416129280898333,9.330325175096387,1324.728339748463,
152,1.5376896065446461,-1.5570019337712897,0.9709334069168415,-0.09941275936679293,0.02505761025480757,9.693036296408527,1375.3173572650662,
153,1.534453065688719,-1.553929733901977,0.9738132966953695,-0.11263892589447229,0.02171807823612474,10.3512563435679,1461.596932094,
154,1.533508948742715,-1.550774881889189,0.9729922872977447,-0.13063188618070598,0.007251898204470364,10.109003603557158,1422.4756516471707,
155,1.5384478323742405,-1.5569307125714151,0.9694821486912797,-0.1625714926466794,-0.009752359492687787,9.721842248089915,1358.790000195444,
156,1.541135156947019,-1.5679516883285014,0.9731133303666114,-0.18814463390069872,-0.024892854663398398,9.465284230257348,1308.4276173230346,
157,1.5406024506726879,-1.5667841221038348,0.9729683915640158,-0.22120292226893176,-0.039726113019868954,10.003171605506152,1382.58926065969,
158,1.541198151397779,-1.5712091018194065,0.9750560603194501,-0.26215691598872765,-0.06234888780685324,9.779258326286609,1337.2520544003253,
159,1.523881278128927,-1.579722918272838,0.9731104469449793,-0.31289012069008737,-0.0745532964583483,9.566778275387252,1299.5749321577973,
160,1.5369121821314058,-1.582549207609254,0.9895213141869704,-0.34867001097057987,-0.09654698656074424,9.614435729168525,1295.4574001432188,
161,0.0,0.0,0.0,0.0,0.0,0.0,0.0,
162,0.0,0.0,0.0,0.0,0.0,0.0,0.0,
163,1.5163308338033032,-1.5921732904608576,0.9944576086584942,-0.4621703481100085,-0.13714299129432195,10.285361737198436,1352.287028403548,
164,1.5304057764122059,-1.5927142147928417,0.991116077201708,-0.4798909600319888,-0.1453770887093016,9.53422889068339,1245.3613479846515,
165,0.0,0.0,0.0,0.0,0.0,0.0,0.0,
166,1.5188761030764748,-1.6018333002170062,0.984986439326414,-0.5196998171971103,-0.16490123885300564,10.192610162946359,1317.6290004675761,
167,0.0,0.0,0.0,0.0,0.0,0.0,0.0,
168,1.508448196344528,-1.5973200039010882,0.986374181118924,-0.5497200876704269,-0.18224121382350683,10.349684890109375,1325.6541633283632,
169,1.527497888248559,-1.6155809104911065,0.9895249519198969,-0.556211749016386,-0.18576985808760244,9.704631107829936,1234.4757726977962,
170,1.5218987170579796,-1.6073277530258832,0.9936228364925613,-0.5661777787392874,-0.19732238992307422,10.209058898326747,1291.8122972089357,
171,1.5123253936731924,-1.6157454014108954,0.9840261578872803,-0.5791052317326902,-0.19697746058485482,10.12669174392613,1282.471365826106,
172,1.510825361114655,-1.6176747692284381,0.9894107731738829,-0.5803189029984852,-0.2017294352458258,9.979148431098643,1261.5140870066134,
173,1.5128643588538404,-1.6059558254132402,0.9828928621429703,-0.581570638195909,-0.20599948844014346,9.420475558518312,1192.1252279731434,
174,1.5124885132895023,-1.6180437801111711,0.9869063917310544,-0.5909287337140776,-0.20814515006689713,9.491033815199746,1199.2934331670874,
175,1.5153196667180517,-1.6178484747326003,0.9791908695868486,-0.5918096648055104,-0.20882837930917147,9.565482575497633,1206.3346462155398,
176,1.5120750356101766,-1.6159899266752096,0.9821874397109266,-0.5954977018736748,-0.21204887467846475,9.697766849959695,1223.210489260724,
177,1.517951131211454,-1.6129807703273402,0.9854963100170597,-0.6020635539400108,-0.21372771298442259,9.536893767413577,1197.7505821855555,
178,1.5111978483195634,-1.6069054820728497,0.9885606493562205,-0.5999504476682825,-0.21610440671003253,10.156347115972743,1283.583721383737,
179,1.527933609222262,-1.627713345751834,0.9744917367614891,-0.6073461176846306,-0.22428171183009774,9.514110674352388,1192.6419323450534,
180,1.5262861517499435,-1.6252492848284839,0.9731041912727793,-0.6089487797255609,-0.22580569125288338,9.419871215632801,1181.4145516563829,
181,1.5254171554300004,-1.6218750988737582,0.972903435195453,-0.6023864670308419,-0.22383161208569866,9.443456876075377,1193.0397541211387,
182,1.5267538561559162,-1.6124165929561083,0.9839241584287215,-0.6000218799064632,-0.22739882172023398,9.57231039688153,1204.9168369842228,
183,1.5266056063948343,-1.628020225180605,0.9761708522578169,-0.6006046291573474,-0.22249375663325183,9.400220599318589,1184.4853549464037,
184,1.5230472950486356,-1.6262667544798939,0.9838895073335218,-0.599892771460764,-0.22636563724724998,9.252312637243666,1166.4487441738165,
185,1.527081153504687,-1.6182205867284414,0.9675871890995491,-0.5948859603339111,-0.222930029178244,9.293792035310652,1170.6857560772412,
186,1.5215431387834646,-1.6247742328570973,0.9808648500024121,-0.5862228807431287,-0.22309484499080012,9.321435262039959,1177.9609822944963,
187,1.5232286712146919,-1.620484466140455,0.9667380462415706,-0.5850696575763886,-0.2240621577427398,9.600901936694456,1215.6154470131466,
188,1.521804856279894,-1.6185537220077186,0.9764038916789319,-0.5800004925713212,-0.22043757265659913,9.681622914594145,1219.591972267413,
189,1.5228172378155327,-1.618702982362613,0.9742214190301731,-0.5776593799139835,-0.2241915038676914,9.627035177254905,1213.4275891162602,
190,1.5319166063494438,-1.6246709542774032,0.9692805879626202,-0.5673581991680797,-0.2264915549232947,9.452270070182792,1189.6022422892813,
191,1.5234823754269695,-1.6171751577952314,0.9736730313861103,-0.5620801705727512,-0.21910698387048377,9.88269501931251,1250.1196847116116,
192,1.5255465865453217,-1.6265788851046252,0.9760234836676254,-0.5536938440424803,-0.2275037925618119,9.516538149305932,1195.1900654910448,
193,1.5215091630615956,-1.6148952452054441,0.9752234257012862,-0.5439949184281785,-0.2221311473161342,9.877567758847627,1248.3289061250866,
194,1.5298765463595834,-1.6167099029876772,0.9902084561335339,-0.5210399347469495,-0.21627434215298233,9.450106799583912,1193.7261471215945,
195,0.0,0.0,0.0,0.0,0.0,0.0,0.0,
196,1.5208280686906588,-1.5968563151543556,0.9919509737964036,-0.5021549421825139,-0.2116733661300149,10.172081764774498,1284.7654316936705,
197,1.5216635286499651,-1.6079983349684182,0.9695913298961528,-0.4922757487888232,-0.2087982994312937,9.768197065901031,1228.8329622633362,
198,1.5324715620817106,-1.5889986161361065,0.9725813009012658,-0.46045384941924317,-0.19714887651413304,9.976463859710549,1260.870696067534,
199,1.5367751203486615,-1.5970804360492286,0.9752601280471975,-0.4293059020392792,-0.19517169423785818,9.458047839879292,1193.907571826011,
200,1.5331310616775515,-1.5883212693122293,0.9764149664149089,-0.3849260813661944,-0.18103857492887335,9.545846256566286,1203.3103312612122,
201,1.5397547986771476,-1.5874851189104344,0.965065664261992,-0.336453482740375,-0.17707760300153455,10.101435315245359,1267.2686551118086,
202,1.5523481414462061,-1.585956037211537,0.9671119798577081,-0.2776200209381348,-0.16479916029634142,9.55274960369363,1198.2415286316336,
203,1.5439487454799083,-1.5719152570263082,0.9705320052843779,-0.21784991925811104,-0.15359912617307075,10.147276948995911,1267.063645673389,
204,1.5476125517935058,-1.5746777388499555,0.9667424858644919,-0.16085616090188024,-0.14736686128281748,9.592610490538597,1188.5482288255855,
205,1.545747057911862,-1.5575103793388732,0.9577028437250551,-0.10973766443412869,-0.1394837069269404,9.80917969225989,1205.2148360101887,
206,1.5549182575452487,-1.564469614189115,0.9478743393360871,-0.05616658238705779,-0.13609906967753294,9.180317918614996,1121.1497553093707,
207,1.5544728203229703,-1.5573624135074688,0.9435573572641693,-0.009129724794894326,-0.12424456364389888,9.305394299064115,1127.051076442244,
208,1.5530679285687712,-1.549001284321547,0.9399154138057481,0.027582797268063376,-0.11833836150340166,9.512909910467172,1140.348224771596,
209,1.555488160953137,-1.5481978552160416,0.9353688583038343,0.05136125843018816,-0.11844552728582637,9.679027252997058,1154.8127907213056,
210,1.5547695027697528,-1.5353248287926344,0.9274202788046124,0.08290975911265383,-0.1128166127793325,9.635404274865696,1140.193765821185,
211,1.5525543397850452,-1.5434482760140085,0.9368000036759708,0.09544783302827874,-0.10480789690422235,9.584119542730319,1130.6843308485263,
212,1.552933478897788,-1.5436688759515675,0.936310734871366,0.11450308810808037,-0.09648467288632774,9.625807647980515,1132.4895108711014,
213,1.5529492918375416,-1.5357657035521701,0.9306563537472086,0.12469355497127844,-0.09235902204333259,9.746406805980595,1138.1562144917482,
214,1.5513501070248163,-1.5295750235794332,0.9288729815368045,0.13106109913949165,-0.07830018065066346,10.441015881047552,1209.7988997562702,
215,1.5545383662969983,-1.535481202764364,0.9277412842620029,0.14258168213483136,-0.08155481131602656,9.377742445871412,1075.8445099821774,
216,1.5570317481674252,-1.5332211703679792,0.9219413890408007,0.14828161227251271,-0.08162388298319755,9.455873009164117,1080.8043025673999,
217,1.5552586370244528,-1.5412463809626173,0.9306723791371866,0.15675899685181277,-0.08158570427124132,9.537189816699852,1087.6758210175863,
218,1.5522288664106656,-1.5275217323389931,0.9259100412075307,0.16086498525594212,-0.07503974822159229,9.744031622256246,1109.3192726129855,
219,1.5505009491792918,-1.5341843000167152,0.9335203174665769,0.16382631734487804,-0.07488453353331634,9.850817731806044,1119.8915609192388,
220,1.5530206404785853,-1.5306963367654232,0.9268369483428778,0.16575839612473778,-0.0759916309944172,9.46901792804709,1073.9718312028383,
221,1.5528481169581458,-1.5297073890690793,0.926417982898219,0.16755134906946156,-0.07627707170117219,9.326540260062128,1059.1489816222195,
222,1.5546774380374127,-1.527792815479085,0.9219887158176573,0.1679178633431698,-0.07596214130479602,9.518070853446835,1077.9843339143872,
223,1.5580423493734517,-1.5309768738030654,0.9185466747880985,0.17380421023348677,-0.07194535725261497,9.39742684965154,1066.8678402452256,
224,1.556993091387113,-1.534596693132989,0.9229381179729366,0.17678652149043508,-0.0709410302468597,9.81498750002335,1113.3788711309708,
225,1.553206697638732,-1.5315443131453033,0.9271387190979599,0.17616057742563845,-0.07499584687534583,9.91384005048373,1122.7458909213258,
226,1.5571897235392287,-1.5353101033622423,0.9231196772029007,0.17585707410284357,-0.07111733195175303,9.76635954832922,1106.885723318004,
227,1.5522351916432802,-1.5358515064460678,0.9318306833194778,0.1811495515264561,-0.07471068092329962,10.076098007275544,1139.6388893658454,
228,1.556497682560497,-1.5356575108924333,0.9245378568561887,0.17693159769072656,-0.07068416882184217,9.917334995496695,1125.1907937156132,
229,1.5563480999811667,-1.5211066307543164,0.9367692995416872,0.17168118965177473,-0.06825479669077847,10.254174196853105,1161.0438703178559,
230,1.5570370162362464,-1.5368104635377344,0.9244546079128373,0.16688442781213517,-0.07160450798575545,9.587573794721703,1085.9764987182364,
231,1.5510758630122294,-1.531657624690178,0.9307241939922121,0.16094843857474897,-0.0652996841716291,9.949788627074621,1127.217207528986,
232,1.5575543186738299,-1.5369507739463808,0.9236796579904961,0.15741757293811454,-0.07225870643213142,9.361148324692252,1059.309752814509,
233,1.555580848907108,-1.5374460663465859,0.9273623164839858,0.1497798620309977,-0.07082828069339095,9.839262830512421,1117.1069678609501,
234,1.5562293674854402,-1.5396817339192537,0.9278824876513163,0.1425605198457346,-0.07154625605871871,9.622085152661422,1089.4249461910713,
235,1.5497620409226494,-1.5321753458985325,0.9332772455050324,0.13350909206202716,-0.06517382736077537,9.942978745223138,1129.1610326142168,
236,1.548629853307311,-1.5339860314243292,0.9364409336825048,0.12386955350126767,-0.06488800362658645,10.042320181721605,1141.5393497750365,
237,1.547906944964064,-1.538738665646536,0.9410116660216397,0.11042822532235007,-0.064737571247203,10.165463031969436,1153.0448345278207,
238,1.549453494351032,-1.529956783180841,0.9322249213905934,0.09540388758099443,-0.06371104886344908,10.55652219151507,1201.0598189815598,
239,1.547589611704432,-1.539330166164865,0.9419489827285085,0.08414604477245505,-0.06598259078827401,9.623250330518667,1092.2811632446583,
240,1.547026064593232,-1.543286537870575,0.945689643551414,0.06939140014737194,-0.06631379148944923,9.533525709256132,1080.2269775350476,
241,1.5492032560120519,-1.5350406973377169,0.9362439280776577,0.06214101081941957,-0.06475693239285885,10.154541366962514,1151.8770136285566,
242,1.545418499807219,-1.5429729920977884,0.9480921559829572,0.04757173960678911,-0.06571270751344262,9.690664990646006,1101.8384198845968,
243,1.5479471303284116,-1.5419315276332335,0.943214055547419,0.03982544942557851,-0.06648092250012491,9.48846505565189,1074.1946663367237,
244,1.5485252563899992,-1.5404163919502005,0.9411884213884084,0.02887595701363714,-0.06512498115046325,10.059331645182777,1138.1831890241133,
245,1.545255771469521,-1.5443659527557843,0.9493473523985174,0.01950553634144106,-0.06498658633240875,10.020130249951885,1138.1570264440127,
246,1.545963246463425,-1.543427208103689,0.9475259199175686,0.016083623600277316,-0.06643495335249638,9.435147545126291,1071.438996459059,
247,1.545511548160489,-1.5457906507454526,0.9499441464728181,-0.00106596653995719,-0.06583502498874254,9.697868374326639,1100.0726744204098,
248,1.547770601708104,-1.546067159576487,0.9464560453069208,-0.006701149254309235,-0.06698464165588647,9.356681936715232,1056.5008340155978,
249,1.5457945757470701,-1.5434584965831624,0.9478236909164954,-0.012142105053952513,-0.06612588684206151,9.550151620206103,1084.7427609639255,
250,1.5440085315925574,-1.547834721443555,0.9538370748291566,-0.02251172630571419,-0.06575230937555454,9.693308290525184,1101.2838842810543,
251,1.545893983348994,-1.547685239176193,0.9506716197203082,-0.03476377158220786,-0.0658355114626173,9.753185233062188,1103.8261105716604,
252,1.5457283780808786,-1.5462276005986686,0.9499026076495093,-0.03586741147256478,-0.06658329444410395,9.41568909400845,1067.5000969605926,
253,1.5423031667652511,-1.553609804769415,0.960693071164414,-0.046935184559112525,-0.06591779905607521,9.64659940994476,1095.0346046836128,
254,1.5434746204976104,-1.5530490730115831,0.9584084892791701,-0.0526615074773014,-0.06566927778521563,9.799615050017788,1110.0518505956022,
255,1.5423878490855285,-1.5540235453946072,0.9608461775595389,-0.06667015655883292,-0.06494297559494255,10.076776859824747,1142.8822880919158,
256,1.5422679379547284,-1.5544140383245886,0.9613204426964203,-0.0676022001121501,-0.06571146644738107,9.745511569762604,1105.562559011366,
257,1.541602802540826,-1.5573720294721827,0.9645028535896896,-0.07252921222881838,-0.06729013743056408,9.146052920053336,1037.1950446468047,
258,1.5412372685922084,-1.5586700159248605,0.9659962153526442,-0.08041698057212374,-0.06542049841360836,9.897624498747371,1121.36806025284,
259,1.5472105657119677,-1.5572797189417358,0.9554197685582665,-0.09053912270629803,-0.06220816168325654,9.486446840096832,1075.9035368750012,
260,1.5442026952580543,-1.5605741834813465,0.9626254880015803,-0.09655953520807134,-0.059986127732138426,10.349062914729464,1177.255118316072,
261,1.5457391295405265,-1.5558415731853326,0.956767071168421,-0.10646110296275499,-0.061828822273829596,9.546484574127044,1087.0937800779586,
262,1.5456337019345892,-1.5558161662850654,0.9569180046859075,-0.11515010229223271,-0.06157684636377802,9.642367063343844,1098.1858285468322,
263,1.5376535097665165,-1.5616541452540282,0.9738098376861223,-0.1281777784619561,-0.06556769790963878,9.707615893598904,1105.5319396580996,
264,1.5316302079971484,-1.5501076382476682,0.9751832320993464,-0.14122205439250493,-0.05837273947578028,10.3883657475575,1189.0257185036885,
265,1.5381293510352918,-1.5521138310179223,0.9662948230962962,-0.15226773961703916,-0.06349618448166247,10.470737611232128,1199.4596250033142,
266,1.532428050530741,-1.5650025747333134,0.984350530325479,-0.1787567433094517,-0.06354270321947068,10.400644195953408,1193.2912099221287,
267,1.5323557737561257,-1.562956328818372,0.983019457049938,-0.2001927418663809,-0.06316211135425058,10.536611141882126,1210.9191684034924,
268,1.5415008458357944,-1.563198418132613,0.9687838778702998,-0.22437142053575662,-0.07045879161147872,9.730021915185091,1115.6352991233566,
269,1.541125695744986,-1.5718192248067206,0.9754663897225156,-0.24497458064301275,-0.08124131253523466,9.493188263275204,1089.1364909380115,
270,1.533031744143747,-1.5740092011035174,0.9706702639791215,-0.2713160371851126,-0.08177475060839647,9.3042083642492,1071.696255522369,
271,1.5462310501746912,-1.585779217080305,0.9773895636652072,-0.2919757187296058,-0.09025961238962504,9.354620911094102,1079.681734494999,
272,1.5464685565275509,-1.583485055369952,0.9753460653656626,-0.31789703134320274,-0.08925082343617435,9.720907155726207,1122.8101646425446,
273,1.5284980348668311,-1.577470978682014,0.9626068811062779,-0.35079041772684944,-0.09490586846507493,10.071387842754437,1165.7517407253483,
274,1.5475969351042036,-1.5942709592257585,0.9835228028952587,-0.36498848835250225,-0.09615124224817964,9.277036899928785,1072.4844746997803,
275,1.5288660763764739,-1.5942911548655307,0.9868576230422245,-0.3955279522039669,-0.09118049441419374,9.952749333975307,1159.4645690422217,
276,1.5243882492848326,-1.599439704634519,0.981643830356914,-0.41202404689087185,-0.09796443990362762,9.594560395415328,1117.7960320337434,
277,1.5253186582350238,-1.5820443590290967,0.9826934461506346,-0.4274952514204014,-0.09994090002605577,10.440507385791351,1226.0202531856896,
278,1.5326453263123154,-1.5946288779262676,0.988383757433953,-0.4511799344768323,-0.12073826792502494,9.881135731439723,1147.653813112096,
279,1.5314336033801685,-1.5960151578586266,0.9825849649102112,-0.4677990713637747,-0.11879438546838232,9.242759046804595,1080.3215563363797,
280,1.5283662110348661,-1.5986167306037493,0.9840084008690098,-0.48707292566450217,-0.13821845581030176,9.88857304848415,1156.6055149810086,
281,1.52624017142675,-1.594984874986484,0.988255625009982,-0.5087189414646407,-0.12742830635865016,9.578227269465073,1125.660737926045,
282,1.536245337411355,-1.605064025644646,0.9938165394383919,-0.5212130896055595,-0.1315704779125011,9.744263113952973,1142.8368107227946,
283,0.0,0.0,0.0,0.0,0.0,0.0,0.0,
284,1.5077910027446126,-1.5976022507221534,0.9851109007752689,-0.5666987348378739,-0.145660780854508,9.985761841756464,1177.3500958223412,
285,1.5122398725156763,-1.606037252996583,0.9825288095939401,-0.5849680114113082,-0.15842027204432801,9.490501357446819,1114.7779651327808,
286,1.5052855414032165,-1.6168400750049967,0.9792699370638894,-0.6124383351233905,-0.17037195028208316,9.306010704525427,1096.0050358123945,
287,1.5214033371336866,-1.6145699915954559,1.0031496791937757,-0.6206580178276029,-0.17595689917518528,9.45865133056391,1113.47188895009,
288,1.5127871340504866,-1.622346458348853,1.0009401500165775,-0.6410835389198793,-0.18517861900905297,9.78979630883624,1158.0453599821994,
289,1.5043970984078463,-1.6264996458703789,0.9874917235830918,-0.6730509742275596,-0.19729014507602527,9.763493935991198,1153.5418101320552,
290,1.7153909930872941,-0.04361172920903575,-0.009392291036947893,-0.39409133946589914,-0.11692541295414889,19.799962734791865,4217.156794396111,
291,1.5050775624371762,-1.6338434703790685,0.9881966784454485,-0.7215523486302828,-0.22155999431194762,9.709066233786144,1144.6480797786141,
292,1.504492631277701,-1.638356092621772,0.991393624521607,-0.7397027743187021,-0.23829577921736936,9.485914332834176,1115.5576105915484,
293,1.7165325148853527,-0.04613672713362354,-0.005828816782272263,-0.43662578783500217,-0.13878475420302352,19.47562720267628,4105.958058850858,
294,1.5068787219615722,-1.6425848100191955,0.9924598876423939,-0.7876840359552127,-0.2612718185050823,9.660257016840372,1122.82187764142,
295,1.5078885742916126,-1.6470072793803903,0.9901914512457001,-0.8108643362637725,-0.2730031074363369,9.856393468410095,1136.016074185344,
296,1.5011820519134695,-1.6461289814924387,0.9971407293846589,-0.8374559493774895,-0.27796507602855486,9.817994079354794,1132.28855030015,
297,1.4958479460792873,-1.65206095652782,0.9965008643893559,-0.8532910184826908,-0.28459656111919396,9.583646927672508,1103.4386319368875,
298,1.4949219532952642,-1.6515521578199197,0.9917832603468205,-0.8652007986896184,-0.2859866138703244,10.000051681365415,1150.678978485269,
299,1.4934955203825426,-1.6521091071196303,0.9919487486882868,-0.8799833795914986,-0.28910470205810856,9.622984322406618,1105.6330147475348,
300,1.4976540290315634,-1.6542788232453245,1.0010869012604593,-0.9005353790964604,-0.3009109337008656,9.37906310199963,1073.0187803873457,
301,1.4952757237574388,-1.664776486863902,0.9989196172076228,-0.9142260340802433,-0.29876101722852366,9.174005595381713,1048.8424579476841,
302,1.501072251871633,-1.6596270925646017,0.9899980898395774,-0.9281606748357992,-0.30149915347566814,9.757635365374673,1115.5674603879836,
303,1.4955233394935357,-1.6538491372136328,0.9905730827897573,-0.9393228191592036,-0.30357807939893133,9.646495366345606,1104.042799333485,
304,1.4988790449946217,-1.6625844269083747,0.9906349492408968,-0.9541964569263142,-0.3061223769383712,9.470235826492369,1084.3012999325078,
305,1.5019769892818209,-1.6546142686702776,0.994559681006273,-0.9616304721867326,-0.3048910077870938,9.699528105750069,1109.9916858956308,
306,1.4992874790560018,-1.6641192044106758,0.9930371660990123,-0.9636832949749147,-0.30697173739723066,9.597195223233118,1101.080381208946,
307,1.4882096442149377,-1.6586501469363617,1.0028383501246336,-0.9800526995625667,-0.30627128862949454,10.07481185531002,1155.2361076433538,
308,1.4874160928293862,-1.6582732496232542,0.9950309343618545,-0.9817921343831124,-0.30455080091103104,9.930959019898937,1141.0793505708496,
309,1.492814804850081,-1.6612773730023862,0.9978492319700778,-0.9829539543704038,-0.3065651323642223,9.631611481774799,1104.0443008428529,
310,1.4949426623172837,-1.6554869624199178,0.990924857263054,-1.0058481439028917,-0.30821513544365925,9.831632601095372,1122.131485267191,
311,1.4986512381180948,-1.655178442290103,1.0071824200343171,-0.997552325274652,-0.30318848752780275,10.490318816024608,1206.4141169246934,
312,1.4844735762757097,-1.658622796200726,1.0061688390968968,-1.00070139544881,-0.30323645968758456,9.863176841146453,1136.098294824278,
313,1.4883028126024926,-1.6733339010143387,0.9956196921450099,-1.0095436665209887,-0.30740812037704707,9.965186564960169,1144.0441645929116,
314,1.4951897124121334,-1.6547179172910107,0.9908126538220392,-1.0150783653865316,-0.30909353358218306,9.641411937014137,1102.1840418287588,
315,1.4912792354313635,-1.6563533802022619,0.9972292715520715,-1.0211768421962506,-0.3063543636322384,10.479598601936706,1201.6926811381925,
316,1.4880223058954787,-1.6592374457097612,0.9896218127694015,-1.017689885677836,-0.30668737322729417,10.586622655561236,1212.7892696947963,
317,1.4843510710483399,-1.6641471917294448,0.9956293841542955,-1.018698912738323,-0.30745774595468855,10.266395617726232,1174.6585124595058,
318,0.0,0.0,0.0,0.0,0.0,0.0,0.0,
319,1.4830215226419061,-1.661839078505282,0.9952661531951879,-1.020106203136841,-0.3081898132942065,10.119912442388719,1160.0167498678768,
320,1.4857417761007388,-1.670840398815332,1.0003975155888147,-1.016982990801527,-0.3122451599874638,9.407944433042871,1077.5715138141118,
321,1.4819229185079033,-1.6686802086831853,1.000798406549815,-1.0179157569825663,-0.31089565027146737,9.594501853578448,1099.9800306845482,
